,IsBadBuyPrediction
0,0
1,0
2,0
3,0
4,1
5,0
6,1
7,0
8,0
9,0
10,0
11,0
12,0
13,1
14,1
15,0
16,0
17,0
18,0
19,0
20,1
21,1
22,1
23,1
24,0
25,0
26,1
27,0
28,1
29,1
30,1
31,1
32,1
33,1
34,0
35,0
36,0
37,0
38,0
39,0
40,0
41,0
42,1
43,0
44,1
45,0
46,1
47,0
48,1
49,0
50,0
51,0
52,0
53,0
54,0
55,0
56,1
57,0
58,0
59,0
60,0
61,1
62,0
63,0
64,1
65,1
66,0
67,0
68,0
69,0
70,1
71,0
72,0
73,1
74,1
75,1
76,1
77,1
78,0
79,1
80,0
81,1
82,1
83,0
84,0
85,0
86,1
87,0
88,0
89,0
90,0
91,0
92,0
93,1
94,1
95,1
96,1
97,0
98,0
99,0
100,1
101,0
102,0
103,0
104,0
105,1
106,1
107,1
108,0
109,0
110,0
111,0
112,0
113,0
114,1
115,0
116,0
117,1
118,0
119,0
120,0
121,1
122,0
123,0
124,1
125,0
126,1
127,1
128,0
129,0
130,0
131,0
132,0
133,0
134,0
135,0
136,0
137,1
138,1
139,1
140,1
141,0
142,0
143,0
144,1
145,0
146,0
147,0
148,0
149,1
150,0
151,1
152,1
153,1
154,1
155,0
156,0
157,1
158,0
159,1
160,0
161,0
162,1
163,1
164,1
165,0
166,0
167,1
168,1
169,1
170,0
171,1
172,1
173,0
174,0
175,0
176,1
177,0
178,0
179,0
180,0
181,0
182,1
183,0
184,0
185,0
186,1
187,1
188,0
189,0
190,0
191,1
192,0
193,0
194,1
195,1
196,0
197,1
198,1
199,1
200,0
201,1
202,0
203,0
204,1
205,1
206,1
207,1
208,1
209,1
210,1
211,1
212,1
213,0
214,0
215,1
216,1
217,0
218,0
219,0
220,1
221,1
222,0
223,1
224,0
225,0
226,0
227,1
228,0
229,1
230,0
231,1
232,1
233,0
234,1
235,0
236,1
237,0
238,0
239,1
240,0
241,0
242,0
243,0
244,0
245,1
246,1
247,0
248,0
249,1
250,0
251,1
252,0
253,1
254,1
255,1
256,0
257,1
258,0
259,1
260,0
261,0
262,0
263,1
264,1
265,1
266,0
267,0
268,0
269,0
270,1
271,0
272,0
273,1
274,1
275,0
276,0
277,0
278,1
279,1
280,0
281,0
282,0
283,1
284,0
285,0
286,0
287,0
288,0
289,1
290,0
291,1
292,0
293,0
294,0
295,1
296,1
297,0
298,0
299,0
300,1
301,0
302,0
303,0
304,0
305,1
306,0
307,0
308,0
309,1
310,1
311,0
312,1
313,0
314,1
315,0
316,1
317,1
318,0
319,1
320,0
321,1
322,1
323,1
324,1
325,0
326,1
327,1
328,0
329,1
330,1
331,0
332,0
333,0
334,1
335,0
336,1
337,0
338,1
339,0
340,1
341,1
342,1
343,0
344,0
345,1
346,0
347,0
348,1
349,0
350,0
351,0
352,0
353,1
354,0
355,0
356,0
357,0
358,1
359,0
360,1
361,0
362,0
363,1
364,0
365,1
366,1
367,0
368,0
369,0
370,0
371,0
372,1
373,0
374,0
375,0
376,0
377,0
378,0
379,1
380,0
381,0
382,0
383,0
384,1
385,0
386,0
387,1
388,1
389,1
390,1
391,1
392,1
393,1
394,0
395,1
396,1
397,0
398,1
399,1
400,0
401,1
402,1
403,0
404,1
405,1
406,0
407,1
408,1
409,1
410,0
411,1
412,1
413,0
414,1
415,0
416,0
417,1
418,1
419,1
420,1
421,0
422,1
423,0
424,1
425,0
426,1
427,1
428,0
429,1
430,0
431,0
432,0
433,0
434,0
435,0
436,0
437,1
438,1
439,0
440,0
441,0
442,0
443,0
444,0
445,0
446,1
447,1
448,1
449,0
450,0
451,0
452,1
453,1
454,1
455,0
456,1
457,0
458,0
459,0
460,0
461,1
462,1
463,0
464,1
465,0
466,0
467,1
468,0
469,1
470,0
471,0
472,1
473,1
474,0
475,1
476,0
477,0
478,0
479,1
480,0
481,0
482,0
483,0
484,0
485,0
486,0
487,1
488,0
489,1
490,0
491,1
492,0
493,0
494,1
495,0
496,0
497,0
498,1
499,0
500,1
501,1
502,0
503,0
504,0
505,1
506,0
507,0
508,1
509,1
510,0
511,0
512,1
513,0
514,0
515,0
516,0
517,1
518,1
519,0
520,0
521,0
522,0
523,1
524,0
525,0
526,0
527,1
528,0
529,0
530,0
531,1
532,0
533,1
534,0
535,0
536,0
537,1
538,1
539,0
540,0
541,0
542,0
543,0
544,1
545,0
546,0
547,0
548,0
549,0
550,1
551,0
552,1
553,0
554,1
555,0
556,0
557,1
558,0
559,0
560,0
561,0
562,1
563,0
564,0
565,1
566,1
567,1
568,0
569,0
570,0
571,0
572,1
573,1
574,1
575,1
576,0
577,0
578,0
579,0
580,0
581,0
582,1
583,0
584,0
585,0
586,1
587,0
588,1
589,1
590,1
591,1
592,0
593,1
594,0
595,1
596,0
597,0
598,1
599,0
600,1
601,0
602,0
603,0
604,1
605,0
606,0
607,1
608,0
609,0
610,1
611,0
612,0
613,0
614,1
615,0
616,0
617,0
618,1
619,1
620,0
621,0
622,0
623,1
624,1
625,0
626,1
627,0
628,0
629,1
630,0
631,0
632,1
633,1
634,0
635,1
636,0
637,0
638,0
639,1
640,0
641,1
642,0
643,1
644,1
645,0
646,1
647,1
648,0
649,1
650,0
651,1
652,1
653,0
654,1
655,0
656,0
657,0
658,0
659,0
660,1
661,0
662,0
663,1
664,0
665,0
666,0
667,1
668,1
669,0
670,0
671,1
672,0
673,1
674,0
675,0
676,0
677,0
678,0
679,1
680,1
681,0
682,1
683,0
684,0
685,0
686,1
687,1
688,0
689,1
690,1
691,0
692,1
693,0
694,0
695,0
696,1
697,1
698,0
699,0
700,0
701,0
702,0
703,0
704,0
705,0
706,0
707,0
708,0
709,1
710,0
711,0
712,1
713,0
714,0
715,0
716,0
717,0
718,0
719,1
720,0
721,0
722,1
723,1
724,1
725,1
726,0
727,0
728,0
729,1
730,0
731,0
732,0
733,0
734,1
735,0
736,1
737,0
738,1
739,0
740,0
741,1
742,0
743,0
744,0
745,1
746,1
747,0
748,0
749,1
750,0
751,0
752,1
753,1
754,0
755,0
756,1
757,0
758,1
759,1
760,1
761,1
762,0
763,0
764,1
765,0
766,0
767,0
768,1
769,0
770,0
771,0
772,1
773,1
774,1
775,0
776,1
777,1
778,0
779,1
780,0
781,0
782,0
783,0
784,0
785,0
786,0
787,1
788,0
789,1
790,0
791,0
792,1
793,0
794,0
795,0
796,1
797,1
798,0
799,1
800,1
801,0
802,1
803,1
804,0
805,0
806,0
807,0
808,1
809,0
810,0
811,1
812,0
813,1
814,1
815,1
816,1
817,1
818,0
819,0
820,1
821,0
822,0
823,0
824,1
825,1
826,0
827,0
828,1
829,0
830,0
831,0
832,0
833,0
834,0
835,1
836,1
837,0
838,0
839,1
840,1
841,1
842,1
843,1
844,0
845,1
846,1
847,1
848,1
849,0
850,0
851,1
852,0
853,0
854,1
855,0
856,1
857,0
858,0
859,1
860,1
861,1
862,0
863,0
864,1
865,0
866,0
867,1
868,0
869,1
870,0
871,1
872,1
873,0
874,0
875,0
876,0
877,0
878,1
879,0
880,0
881,1
882,0
883,1
884,1
885,1
886,0
887,0
888,0
889,0
890,1
891,0
892,1
893,1
894,0
895,0
896,0
897,1
898,0
899,0
900,1
901,1
902,0
903,1
904,1
905,0
906,0
907,0
908,0
909,0
910,0
911,0
912,0
913,0
914,0
915,1
916,0
917,0
918,0
919,0
920,0
921,0
922,0
923,0
924,0
925,1
926,0
927,0
928,0
929,1
930,0
931,0
932,1
933,1
934,0
935,0
936,0
937,1
938,0
939,0
940,0
941,1
942,1
943,1
944,0
945,1
946,0
947,1
948,1
949,1
950,1
951,1
952,0
953,0
954,1
955,0
956,0
957,1
958,0
959,1
960,1
961,1
962,1
963,0
964,0
965,0
966,1
967,0
968,0
969,1
970,0
971,0
972,0
973,0
974,1
975,0
976,0
977,0
978,1
979,1
980,1
981,0
982,1
983,1
984,1
985,1
986,0
987,1
988,1
989,0
990,1
991,0
992,1
993,0
994,0
995,0
996,0
997,1
998,0
999,0
1000,1
1001,1
1002,1
1003,1
1004,1
1005,0
1006,1
1007,1
1008,1
1009,0
1010,1
1011,1
1012,1
1013,0
1014,0
1015,1
1016,0
1017,0
1018,1
1019,0
1020,0
1021,1
1022,1
1023,0
1024,0
1025,0
1026,1
1027,0
1028,1
1029,0
1030,0
1031,1
1032,1
1033,0
1034,0
1035,0
1036,0
1037,0
1038,1
1039,0
1040,0
1041,0
1042,1
1043,0
1044,0
1045,0
1046,0
1047,1
1048,1
1049,1
1050,0
1051,0
1052,0
1053,0
1054,0
1055,0
1056,0
1057,1
1058,0
1059,1
1060,1
1061,1
1062,0
1063,0
1064,1
1065,1
1066,0
1067,1
1068,0
1069,1
1070,0
1071,1
1072,0
1073,0
1074,1
1075,0
1076,0
1077,1
1078,0
1079,0
1080,0
1081,1
1082,0
1083,0
1084,1
1085,1
1086,1
1087,0
1088,1
1089,1
1090,1
1091,0
1092,0
1093,1
1094,1
1095,1
1096,0
1097,1
1098,1
1099,1
1100,1
1101,0
1102,1
1103,1
1104,0
1105,0
1106,1
1107,1
1108,1
1109,0
1110,1
1111,0
1112,0
1113,0
1114,1
1115,0
1116,1
1117,0
1118,1
1119,1
1120,1
1121,1
1122,0
1123,1
1124,0
1125,0
1126,0
1127,0
1128,0
1129,0
1130,0
1131,1
1132,1
1133,0
1134,1
1135,0
1136,0
1137,0
1138,1
1139,1
1140,1
1141,0
1142,1
1143,1
1144,0
1145,1
1146,0
1147,1
1148,0
1149,1
1150,0
1151,0
1152,1
1153,0
1154,0
1155,1
1156,1
1157,1
1158,1
1159,0
1160,0
1161,1
1162,1
1163,0
1164,1
1165,1
1166,1
1167,0
1168,1
1169,1
1170,1
1171,1
1172,1
1173,0
1174,0
1175,0
1176,1
1177,0
1178,0
1179,0
1180,0
1181,0
1182,0
1183,0
1184,0
1185,0
1186,0
1187,1
1188,0
1189,0
1190,0
1191,0
1192,0
1193,1
1194,0
1195,0
1196,0
1197,0
1198,0
1199,1
1200,1
1201,1
1202,0
1203,1
1204,1
1205,1
1206,1
1207,1
1208,0
1209,1
1210,0
1211,1
1212,0
1213,0
1214,1
1215,1
1216,0
1217,0
1218,0
1219,1
1220,0
1221,0
1222,0
1223,0
1224,1
1225,1
1226,1
1227,1
1228,0
1229,1
1230,0
1231,1
1232,0
1233,1
1234,1
1235,1
1236,1
1237,0
1238,1
1239,1
1240,1
1241,0
1242,1
1243,0
1244,0
1245,1
1246,0
1247,1
1248,0
1249,0
1250,1
1251,0
1252,0
1253,0
1254,1
1255,0
1256,1
1257,0
1258,0
1259,0
1260,0
1261,0
1262,0
1263,0
1264,0
1265,0
1266,1
1267,1
1268,1
1269,1
1270,0
1271,0
1272,0
1273,0
1274,0
1275,0
1276,0
1277,0
1278,1
1279,0
1280,1
1281,1
1282,0
1283,1
1284,1
1285,0
1286,1
1287,0
1288,1
1289,0
1290,0
1291,0
1292,0
1293,0
1294,1
1295,0
1296,0
1297,0
1298,0
1299,0
1300,0
1301,0
1302,0
1303,0
1304,0
1305,1
1306,0
1307,1
1308,0
1309,0
1310,1
1311,1
1312,1
1313,1
1314,0
1315,0
1316,1
1317,0
1318,0
1319,1
1320,0
1321,1
1322,1
1323,1
1324,0
1325,0
1326,1
1327,1
1328,1
1329,0
1330,1
1331,0
1332,0
1333,0
1334,1
1335,0
1336,0
1337,1
1338,1
1339,1
1340,0
1341,1
1342,1
1343,1
1344,0
1345,1
1346,1
1347,0
1348,0
1349,0
1350,0
1351,1
1352,0
1353,0
1354,0
1355,1
1356,1
1357,0
1358,0
1359,1
1360,1
1361,1
1362,0
1363,0
1364,0
1365,1
1366,0
1367,1
1368,0
1369,0
1370,1
1371,1
1372,0
1373,1
1374,0
1375,0
1376,0
1377,1
1378,1
1379,0
1380,0
1381,0
1382,1
1383,0
1384,0
1385,0
1386,1
1387,0
1388,1
1389,1
1390,1
1391,0
1392,1
1393,1
1394,1
1395,0
1396,1
1397,1
1398,0
1399,1
1400,0
1401,1
1402,0
1403,1
1404,0
1405,1
1406,0
1407,1
1408,1
1409,0
1410,0
1411,0
1412,0
1413,1
1414,0
1415,1
1416,1
1417,0
1418,1
1419,0
1420,0
1421,0
1422,1
1423,0
1424,0
1425,1
1426,0
1427,1
1428,1
1429,1
1430,1
1431,0
1432,0
1433,1
1434,0
1435,0
1436,0
1437,1
1438,0
1439,0
1440,0
1441,0
1442,0
1443,0
1444,1
1445,0
1446,1
1447,0
1448,1
1449,1
1450,0
1451,0
1452,1
1453,1
1454,0
1455,0
1456,0
1457,0
1458,0
1459,1
1460,1
1461,0
1462,0
1463,1
1464,1
1465,0
1466,0
1467,0
1468,1
1469,0
1470,1
1471,1
1472,0
1473,0
1474,0
1475,0
1476,0
1477,1
1478,0
1479,1
1480,0
1481,0
1482,0
1483,1
1484,1
1485,0
1486,0
1487,0
1488,1
1489,1
1490,0
1491,1
1492,1
1493,1
1494,0
1495,1
1496,0
1497,0
1498,1
1499,0
1500,1
1501,0
1502,1
1503,0
1504,1
1505,0
1506,1
1507,1
1508,1
1509,0
1510,0
1511,0
1512,0
1513,1
1514,1
1515,1
1516,1
1517,1
1518,0
1519,0
1520,1
1521,0
1522,1
1523,0
1524,0
1525,0
1526,0
1527,1
1528,0
1529,1
1530,1
1531,0
1532,1
1533,1
1534,1
1535,1
1536,1
1537,0
1538,0
1539,0
1540,1
1541,1
1542,1
1543,1
1544,1
1545,0
1546,1
1547,1
1548,0
1549,0
1550,1
1551,0
1552,1
1553,0
1554,1
1555,0
1556,1
1557,1
1558,0
1559,1
1560,0
1561,0
1562,0
1563,0
1564,1
1565,0
1566,1
1567,1
1568,0
1569,0
1570,0
1571,0
1572,0
1573,1
1574,1
1575,1
1576,0
1577,1
1578,0
1579,1
1580,1
1581,0
1582,1
1583,1
1584,1
1585,1
1586,0
1587,1
1588,0
1589,0
1590,1
1591,1
1592,0
1593,1
1594,1
1595,1
1596,0
1597,0
1598,1
1599,1
1600,0
1601,0
1602,1
1603,1
1604,1
1605,1
1606,0
1607,0
1608,0
1609,0
1610,1
1611,1
1612,1
1613,1
1614,1
1615,0
1616,0
1617,0
1618,0
1619,0
1620,1
1621,0
1622,0
1623,0
1624,0
1625,1
1626,0
1627,0
1628,1
1629,0
1630,0
1631,0
1632,1
1633,0
1634,0
1635,0
1636,1
1637,1
1638,0
1639,1
1640,0
1641,0
1642,1
1643,1
1644,0
1645,1
1646,1
1647,1
1648,1
1649,0
1650,0
1651,1
1652,0
1653,1
1654,0
1655,0
1656,0
1657,1
1658,1
1659,0
1660,1
1661,0
1662,0
1663,1
1664,0
1665,0
1666,0
1667,0
1668,0
1669,1
1670,0
1671,0
1672,1
1673,0
1674,0
1675,0
1676,0
1677,1
1678,1
1679,1
1680,0
1681,0
1682,0
1683,1
1684,0
1685,0
1686,1
1687,0
1688,1
1689,1
1690,0
1691,0
1692,0
1693,0
1694,0
1695,1
1696,1
1697,1
1698,1
1699,0
1700,0
1701,1
1702,1
1703,0
1704,1
1705,0
1706,0
1707,1
1708,0
1709,1
1710,0
1711,1
1712,0
1713,0
1714,0
1715,1
1716,1
1717,1
1718,1
1719,0
1720,0
1721,0
1722,0
1723,0
1724,0
1725,1
1726,0
1727,1
1728,1
1729,0
1730,0
1731,1
1732,1
1733,0
1734,0
1735,1
1736,0
1737,1
1738,0
1739,0
1740,0
1741,0
1742,0
1743,1
1744,0
1745,1
1746,0
1747,1
1748,0
1749,1
1750,0
1751,1
1752,0
1753,0
1754,0
1755,0
1756,0
1757,1
1758,0
1759,1
1760,0
1761,1
1762,0
1763,1
1764,1
1765,1
1766,1
1767,1
1768,0
1769,0
1770,1
1771,0
1772,0
1773,1
1774,0
1775,1
1776,1
1777,1
1778,0
1779,1
1780,1
1781,0
1782,0
1783,1
1784,0
1785,0
1786,1
1787,0
1788,1
1789,1
1790,0
1791,0
1792,0
1793,0
1794,0
1795,1
1796,0
1797,1
1798,1
1799,0
1800,0
1801,0
1802,0
1803,1
1804,0
1805,1
1806,1
1807,0
1808,0
1809,0
1810,1
1811,1
1812,1
1813,0
1814,0
1815,0
1816,0
1817,0
1818,0
1819,1
1820,1
1821,1
1822,1
1823,0
1824,1
1825,0
1826,0
1827,0
1828,1
1829,0
1830,0
1831,1
1832,0
1833,0
1834,1
1835,0
1836,0
1837,0
1838,0
1839,1
1840,0
1841,0
1842,0
1843,1
1844,1
1845,0
1846,1
1847,1
1848,0
1849,1
1850,0
1851,0
1852,0
1853,0
1854,0
1855,0
1856,0
1857,0
1858,0
1859,0
1860,1
1861,0
1862,1
1863,1
1864,1
1865,0
1866,1
1867,0
1868,0
1869,1
1870,1
1871,1
1872,0
1873,1
1874,0
1875,1
1876,0
1877,1
1878,0
1879,0
1880,1
1881,0
1882,0
1883,0
1884,0
1885,1
1886,0
1887,1
1888,1
1889,0
1890,0
1891,1
1892,0
1893,1
1894,0
1895,0
1896,1
1897,1
1898,1
1899,0
1900,0
1901,1
1902,0
1903,1
1904,0
1905,0
1906,0
1907,0
1908,0
1909,0
1910,1
1911,0
1912,0
1913,1
1914,1
1915,0
1916,1
1917,0
1918,0
1919,0
1920,1
1921,0
1922,0
1923,0
1924,1
1925,0
1926,0
1927,0
1928,1
1929,0
1930,0
1931,1
1932,0
1933,0
1934,0
1935,0
1936,1
1937,1
1938,1
1939,1
1940,1
1941,0
1942,0
1943,1
1944,0
1945,0
1946,1
1947,1
1948,0
1949,0
1950,0
1951,0
1952,0
1953,0
1954,0
1955,1
1956,0
1957,0
1958,1
1959,1
1960,0
1961,0
1962,1
1963,0
1964,0
1965,0
1966,1
1967,0
1968,0
1969,0
1970,1
1971,0
1972,0
1973,1
1974,1
1975,0
1976,0
1977,1
1978,1
1979,1
1980,0
1981,1
1982,1
1983,0
1984,0
1985,1
1986,0
1987,0
1988,0
1989,1
1990,0
1991,0
1992,0
1993,0
1994,0
1995,1
1996,0
1997,1
1998,0
1999,1
2000,1
2001,0
2002,1
2003,0
2004,0
2005,1
2006,1
2007,1
2008,1
2009,0
2010,1
2011,0
2012,0
2013,1
2014,0
2015,0
2016,1
2017,0
2018,0
2019,1
2020,0
2021,0
2022,0
2023,0
2024,1
2025,1
2026,1
2027,1
2028,0
2029,1
2030,0
2031,0
2032,0
2033,0
2034,0
2035,1
2036,1
2037,1
2038,0
2039,1
2040,0
2041,1
2042,1
2043,0
2044,1
2045,1
2046,0
2047,0
2048,1
2049,0
2050,0
2051,0
2052,1
2053,0
2054,1
2055,0
2056,0
2057,1
2058,0
2059,0
2060,0
2061,1
2062,0
2063,1
2064,1
2065,0
2066,0
2067,0
2068,1
2069,0
2070,1
2071,0
2072,1
2073,0
2074,0
2075,0
2076,1
2077,1
2078,0
2079,0
2080,1
2081,1
2082,0
2083,1
2084,1
2085,1
2086,1
2087,1
2088,0
2089,0
2090,0
2091,0
2092,0
2093,1
2094,1
2095,1
2096,0
2097,1
2098,0
2099,0
2100,0
2101,1
2102,0
2103,0
2104,1
2105,1
2106,1
2107,0
2108,0
2109,1
2110,0
2111,1
2112,1
2113,1
2114,0
2115,0
2116,1
2117,1
2118,1
2119,0
2120,1
2121,1
2122,0
2123,0
2124,0
2125,1
2126,0
2127,1
2128,1
2129,0
2130,0
2131,1
2132,1
2133,0
2134,0
2135,1
2136,1
2137,0
2138,0
2139,0
2140,1
2141,0
2142,0
2143,1
2144,0
2145,0
2146,1
2147,0
2148,1
2149,1
2150,1
2151,0
2152,1
2153,0
2154,1
2155,1
2156,0
2157,1
2158,1
2159,1
2160,1
2161,1
2162,0
2163,0
2164,0
2165,0
2166,1
2167,1
2168,0
2169,0
2170,1
2171,0
2172,0
2173,0
2174,0
2175,0
2176,1
2177,0
2178,0
2179,0
2180,0
2181,0
2182,0
2183,0
2184,0
2185,1
2186,1
2187,1
2188,0
2189,0
2190,1
2191,1
2192,1
2193,0
2194,1
2195,0
2196,1
2197,0
2198,0
2199,0
2200,0
2201,1
2202,1
2203,0
2204,0
2205,1
2206,0
2207,0
2208,0
2209,1
2210,1
2211,0
2212,1
2213,1
2214,0
2215,0
2216,0
2217,1
2218,1
2219,0
2220,0
2221,1
2222,0
2223,1
2224,1
2225,0
2226,0
2227,0
2228,0
2229,1
2230,1
2231,0
2232,0
2233,0
2234,1
2235,0
2236,1
2237,0
2238,0
2239,1
2240,1
2241,0
2242,0
2243,0
2244,1
2245,0
2246,1
2247,1
2248,0
2249,1
2250,1
2251,0
2252,0
2253,0
2254,1
2255,0
2256,0
2257,0
2258,0
2259,0
2260,0
2261,0
2262,0
2263,0
2264,0
2265,1
2266,0
2267,0
2268,1
2269,0
2270,0
2271,1
2272,1
2273,0
2274,1
2275,1
2276,0
2277,1
2278,0
2279,1
2280,1
2281,1
2282,1
2283,0
2284,1
2285,0
2286,0
2287,0
2288,0
2289,1
2290,1
2291,1
2292,0
2293,0
2294,0
2295,0
2296,0
2297,1
2298,1
2299,0
2300,0
2301,0
2302,0
2303,0
2304,0
2305,0
2306,1
2307,1
2308,1
2309,1
2310,0
2311,0
2312,0
2313,1
2314,1
2315,0
2316,0
2317,0
2318,1
2319,0
2320,1
2321,0
2322,1
2323,0
2324,1
2325,1
2326,0
2327,1
2328,0
2329,0
2330,0
2331,0
2332,1
2333,0
2334,0
2335,0
2336,0
2337,1
2338,1
2339,1
2340,1
2341,0
2342,1
2343,0
2344,0
2345,0
2346,0
2347,0
2348,1
2349,0
2350,1
2351,0
2352,1
2353,1
2354,1
2355,0
2356,0
2357,1
2358,1
2359,0
2360,0
2361,1
2362,0
2363,1
2364,0
2365,0
2366,1
2367,1
2368,0
2369,0
2370,1
2371,1
2372,0
2373,1
2374,0
2375,1
2376,0
2377,0
2378,1
2379,1
2380,0
2381,1
2382,1
2383,0
2384,1
2385,1
2386,1
2387,1
2388,0
2389,1
2390,0
2391,1
2392,1
2393,1
2394,1
2395,0
2396,1
2397,0
2398,0
2399,0
2400,0
2401,1
2402,0
2403,1
2404,0
2405,1
2406,1
2407,0
2408,0
2409,1
2410,0
2411,0
2412,1
2413,1
2414,1
2415,0
2416,0
2417,0
2418,0
2419,1
2420,0
2421,0
2422,0
2423,1
2424,1
2425,0
2426,1
2427,0
2428,0
2429,0
2430,1
2431,1
2432,1
2433,0
2434,0
2435,0
2436,1
2437,1
2438,0
2439,0
2440,0
2441,1
2442,1
2443,1
2444,0
2445,0
2446,0
2447,0
2448,0
2449,0
2450,1
2451,0
2452,0
2453,0
2454,1
2455,0
2456,0
2457,0
2458,0
2459,1
2460,1
2461,1
2462,1
2463,0
2464,0
2465,1
2466,1
2467,0
2468,1
2469,1
2470,1
2471,0
2472,0
2473,1
2474,0
2475,1
2476,0
2477,1
2478,1
2479,1
2480,0
2481,0
2482,0
2483,1
2484,1
2485,1
2486,0
2487,1
2488,0
2489,0
2490,0
2491,0
2492,0
2493,1
2494,1
2495,0
2496,0
2497,1
2498,1
2499,0
2500,0
2501,1
2502,0
2503,1
2504,0
2505,1
2506,0
2507,0
2508,1
2509,0
2510,0
2511,0
2512,0
2513,0
2514,0
2515,0
2516,0
2517,0
2518,0
2519,0
2520,1
2521,1
2522,1
2523,1
2524,1
2525,1
2526,0
2527,1
2528,1
2529,0
2530,0
2531,0
2532,0
2533,1
2534,0
2535,1
2536,0
2537,1
2538,1
2539,1
2540,0
2541,0
2542,0
2543,1
2544,0
2545,0
2546,1
2547,0
2548,0
2549,1
2550,1
2551,1
2552,0
2553,0
2554,0
2555,0
2556,0
2557,0
2558,0
2559,0
2560,1
2561,0
2562,1
2563,0
2564,0
2565,1
2566,0
2567,0
2568,0
2569,1
2570,0
2571,0
2572,0
2573,1
2574,0
2575,0
2576,0
2577,1
2578,1
2579,1
2580,0
2581,1
2582,0
2583,0
2584,1
2585,0
2586,0
2587,0
2588,1
2589,0
2590,0
2591,0
2592,0
2593,0
2594,1
2595,1
2596,1
2597,0
2598,1
2599,1
2600,0
2601,0
2602,1
2603,0
2604,0
2605,1
2606,0
2607,0
2608,0
2609,1
2610,1
2611,1
2612,0
2613,1
2614,1
2615,1
2616,1
2617,1
2618,0
2619,0
2620,0
2621,1
2622,0
2623,0
2624,1
2625,1
2626,1
2627,1
2628,0
2629,1
2630,0
2631,0
2632,0
2633,1
2634,1
2635,1
2636,0
2637,1
2638,1
2639,0
2640,0
2641,1
2642,0
2643,0
2644,1
2645,0
2646,0
2647,0
2648,1
2649,0
2650,0
2651,0
2652,0
2653,0
2654,1
2655,0
2656,0
2657,0
2658,0
2659,1
2660,1
2661,0
2662,1
2663,0
2664,1
2665,0
2666,0
2667,0
2668,0
2669,0
2670,1
2671,0
2672,1
2673,1
2674,0
2675,0
2676,0
2677,0
2678,0
2679,0
2680,0
2681,0
2682,1
2683,0
2684,1
2685,1
2686,0
2687,0
2688,1
2689,0
2690,0
2691,1
2692,1
2693,0
2694,0
2695,1
2696,1
2697,1
2698,0
2699,0
2700,0
2701,0
2702,0
2703,0
2704,1
2705,0
2706,0
2707,0
2708,1
2709,1
2710,1
2711,1
2712,1
2713,0
2714,1
2715,1
2716,0
2717,1
2718,1
2719,0
2720,0
2721,0
2722,0
2723,0
2724,0
2725,1
2726,0
2727,0
2728,1
2729,1
2730,1
2731,1
2732,0
2733,0
2734,0
2735,0
2736,0
2737,0
2738,0
2739,1
2740,1
2741,0
2742,1
2743,0
2744,1
2745,0
2746,0
2747,0
2748,1
2749,1
2750,1
2751,0
2752,0
2753,1
2754,0
2755,1
2756,1
2757,1
2758,0
2759,1
2760,0
2761,0
2762,0
2763,0
2764,0
2765,1
2766,1
2767,0
2768,1
2769,1
2770,0
2771,1
2772,0
2773,1
2774,0
2775,1
2776,1
2777,1
2778,0
2779,1
2780,1
2781,0
2782,1
2783,1
2784,0
2785,1
2786,0
2787,1
2788,1
2789,1
2790,1
2791,1
2792,0
2793,1
2794,0
2795,0
2796,1
2797,1
2798,0
2799,0
2800,0
2801,0
2802,1
2803,0
2804,1
2805,1
2806,0
2807,0
2808,0
2809,0
2810,1
2811,0
2812,0
2813,0
2814,0
2815,1
2816,0
2817,0
2818,0
2819,1
2820,0
2821,0
2822,1
2823,0
2824,0
2825,0
2826,0
2827,0
2828,0
2829,0
2830,1
2831,0
2832,1
2833,1
2834,1
2835,0
2836,0
2837,1
2838,0
2839,0
2840,1
2841,0
2842,1
2843,1
2844,1
2845,0
2846,0
2847,0
2848,0
2849,0
2850,1
2851,0
2852,0
2853,1
2854,1
2855,0
2856,0
2857,1
2858,0
2859,0
2860,1
2861,0
2862,0
2863,0
2864,0
2865,1
2866,0
2867,0
2868,0
2869,1
2870,1
2871,1
2872,0
2873,0
2874,0
2875,0
2876,1
2877,1
2878,1
2879,1
2880,0
2881,0
2882,0
2883,1
2884,0
2885,1
2886,1
2887,1
2888,0
2889,1
2890,0
2891,1
2892,0
2893,0
2894,0
2895,1
2896,0
2897,1
2898,0
2899,0
2900,0
2901,0
2902,1
2903,0
2904,1
2905,1
2906,1
2907,1
2908,1
2909,1
2910,0
2911,1
2912,0
2913,1
2914,0
2915,1
2916,0
2917,0
2918,1
2919,0
2920,0
2921,1
2922,1
2923,0
2924,1
2925,0
2926,0
2927,0
2928,1
2929,0
2930,0
2931,1
2932,0
2933,0
2934,0
2935,1
2936,1
2937,0
2938,0
2939,0
2940,1
2941,0
2942,1
2943,1
2944,1
2945,0
2946,1
2947,1
2948,0
2949,0
2950,0
2951,0
2952,0
2953,0
2954,0
2955,0
2956,0
2957,0
2958,1
2959,1
2960,1
2961,0
2962,0
2963,1
2964,1
2965,0
2966,1
2967,0
2968,1
2969,0
2970,0
2971,0
2972,1
2973,1
2974,1
2975,1
2976,1
2977,1
2978,0
2979,1
2980,0
2981,1
2982,0
2983,1
2984,0
2985,0
2986,1
2987,0
2988,1
2989,0
2990,0
2991,0
2992,1
2993,0
2994,0
2995,0
2996,1
2997,0
2998,1
2999,1
3000,0
3001,0
3002,0
3003,0
3004,0
3005,0
3006,0
3007,0
3008,1
3009,1
3010,1
3011,1
3012,1
3013,1
3014,0
3015,1
3016,0
3017,0
3018,0
3019,0
3020,0
3021,0
3022,0
3023,0
3024,0
3025,0
3026,0
3027,0
3028,1
3029,1
3030,1
3031,0
3032,1
3033,1
3034,0
3035,1
3036,0
3037,0
3038,0
3039,1
3040,1
3041,1
3042,1
3043,0
3044,0
3045,0
3046,1
3047,1
3048,1
3049,1
3050,0
3051,1
3052,0
3053,1
3054,1
3055,1
3056,1
3057,1
3058,0
3059,0
3060,1
3061,1
3062,1
3063,0
3064,0
3065,1
3066,0
3067,0
3068,0
3069,0
3070,0
3071,0
3072,0
3073,0
3074,1
3075,0
3076,1
3077,1
3078,0
3079,1
3080,1
3081,0
3082,1
3083,0
3084,1
3085,0
3086,0
3087,0
3088,1
3089,0
3090,1
3091,0
3092,0
3093,0
3094,0
3095,0
3096,1
3097,0
3098,0
3099,0
3100,0
3101,0
3102,1
3103,0
3104,0
3105,0
3106,1
3107,1
3108,0
3109,0
3110,1
3111,0
3112,1
3113,0
3114,1
3115,0
3116,1
3117,1
3118,0
3119,1
3120,0
3121,1
3122,0
3123,1
3124,0
3125,0
3126,0
3127,0
3128,1
3129,0
3130,0
3131,0
3132,1
3133,1
3134,1
3135,1
3136,1
3137,1
3138,0
3139,0
3140,0
3141,1
3142,0
3143,1
3144,1
3145,0
3146,0
3147,1
3148,0
3149,0
3150,0
3151,0
3152,0
3153,0
3154,1
3155,1
3156,0
3157,1
3158,0
3159,0
3160,1
3161,0
3162,0
3163,0
3164,1
3165,0
3166,1
3167,1
3168,1
3169,1
3170,1
3171,0
3172,0
3173,0
3174,0
3175,1
3176,1
3177,0
3178,1
3179,0
3180,1
3181,0
3182,0
3183,0
3184,1
3185,0
3186,1
3187,1
3188,0
3189,1
3190,1
3191,0
3192,0
3193,1
3194,0
3195,0
3196,1
3197,0
3198,1
3199,1
3200,1
3201,0
3202,0
3203,1
3204,1
3205,1
3206,0
3207,0
3208,1
3209,1
3210,1
3211,1
3212,1
3213,0
3214,0
3215,1
3216,0
3217,1
3218,1
3219,0
3220,1
3221,1
3222,0
3223,1
3224,0
3225,0
3226,1
3227,1
3228,0
3229,1
3230,0
3231,0
3232,0
3233,0
3234,0
3235,0
3236,0
3237,0
3238,1
3239,0
3240,1
3241,0
3242,1
3243,1
3244,0
3245,0
3246,0
3247,0
3248,0
3249,0
3250,0
3251,1
3252,1
3253,0
3254,0
3255,1
3256,0
3257,1
3258,0
3259,0
3260,0
3261,1
3262,0
3263,0
3264,1
3265,0
3266,1
3267,1
3268,1
3269,1
3270,1
3271,0
3272,0
3273,0
3274,1
3275,1
3276,0
3277,0
3278,1
3279,0
3280,1
3281,0
3282,1
3283,1
3284,1
3285,1
3286,0
3287,1
3288,0
3289,0
3290,0
3291,1
3292,0
3293,0
3294,0
3295,1
3296,1
3297,0
3298,1
3299,0
3300,0
3301,0
3302,0
3303,1
3304,1
3305,1
3306,0
3307,1
3308,1
3309,0
3310,1
3311,0
3312,0
3313,0
3314,1
3315,0
3316,0
3317,1
3318,0
3319,1
3320,1
3321,1
3322,1
3323,1
3324,0
3325,0
3326,0
3327,0
3328,1
3329,0
3330,0
3331,1
3332,1
3333,0
3334,1
3335,1
3336,0
3337,1
3338,1
3339,1
3340,1
3341,1
3342,0
3343,0
3344,0
3345,1
3346,0
3347,1
3348,1
3349,0
3350,0
3351,1
3352,0
3353,0
3354,1
3355,0
3356,1
3357,0
3358,0
3359,1
3360,1
3361,0
3362,1
3363,0
3364,0
3365,1
3366,1
3367,1
3368,0
3369,0
3370,0
3371,0
3372,1
3373,0
3374,0
3375,1
3376,0
3377,1
3378,0
3379,1
3380,1
3381,1
3382,1
3383,0
3384,0
3385,0
3386,0
3387,0
3388,0
3389,0
3390,1
3391,0
3392,0
3393,1
3394,0
3395,0
3396,0
3397,1
3398,1
3399,1
3400,1
3401,1
3402,0
3403,1
3404,0
3405,1
3406,0
3407,0
3408,0
3409,0
3410,1
3411,0
3412,0
3413,0
3414,0
3415,0
3416,0
3417,1
3418,1
3419,0
3420,1
3421,1
3422,1
3423,0
3424,0
3425,0
3426,0
3427,0
3428,1
3429,0
3430,1
3431,1
3432,1
3433,1
3434,0
3435,0
3436,1
3437,1
3438,1
3439,0
3440,0
3441,1
3442,0
3443,1
3444,0
3445,1
3446,0
3447,1
3448,1
3449,0
3450,0
3451,0
3452,1
3453,0
3454,0
3455,0
3456,0
3457,1
3458,1
3459,1
3460,0
3461,1
3462,1
3463,1
3464,0
3465,1
3466,0
3467,1
3468,0
3469,1
3470,1
3471,1
3472,0
3473,0
3474,1
3475,0
3476,0
3477,1
3478,0
3479,1
3480,1
3481,1
3482,0
3483,0
3484,0
3485,0
3486,0
3487,1
3488,1
3489,1
3490,1
3491,1
3492,0
3493,0
3494,0
3495,0
3496,1
3497,1
3498,1
3499,0
3500,1
3501,1
3502,1
3503,1
3504,1
3505,1
3506,1
3507,0
3508,1
3509,1
3510,1
3511,0
3512,1
3513,1
3514,0
3515,0
3516,1
3517,0
3518,1
3519,1
3520,1
3521,1
3522,0
3523,0
3524,0
3525,1
3526,0
3527,0
3528,0
3529,1
3530,1
3531,0
3532,0
3533,1
3534,0
3535,1
3536,0
3537,1
3538,0
3539,1
3540,0
3541,1
3542,1
3543,1
3544,1
3545,0
3546,1
3547,0
3548,0
3549,1
3550,0
3551,0
3552,0
3553,1
3554,0
3555,0
3556,0
3557,0
3558,0
3559,0
3560,0
3561,0
3562,1
3563,0
3564,0
3565,0
3566,1
3567,0
3568,1
3569,1
3570,0
3571,0
3572,0
3573,0
3574,0
3575,0
3576,0
3577,0
3578,0
3579,0
3580,0
3581,0
3582,0
3583,0
3584,1
3585,0
3586,0
3587,0
3588,1
3589,1
3590,0
3591,1
3592,0
3593,1
3594,0
3595,1
3596,1
3597,0
3598,1
3599,1
3600,1
3601,0
3602,0
3603,0
3604,0
3605,1
3606,0
3607,1
3608,0
3609,0
3610,0
3611,0
3612,0
3613,0
3614,0
3615,0
3616,1
3617,0
3618,0
3619,1
3620,0
3621,1
3622,0
3623,1
3624,1
3625,0
3626,1
3627,0
3628,0
3629,0
3630,0
3631,0
3632,0
3633,0
3634,1
3635,1
3636,0
3637,0
3638,1
3639,0
3640,0
3641,1
3642,0
3643,1
3644,0
3645,0
3646,0
3647,1
3648,0
3649,1
3650,0
3651,0
3652,0
3653,0
3654,0
3655,1
3656,0
3657,0
3658,1
3659,1
3660,0
3661,0
3662,0
3663,0
3664,1
3665,0
3666,1
3667,0
3668,1
3669,0
3670,1
3671,1
3672,1
3673,0
3674,0
3675,0
3676,0
3677,1
3678,0
3679,0
3680,0
3681,0
3682,1
3683,0
3684,0
3685,1
3686,1
3687,0
3688,0
3689,1
3690,0
3691,1
3692,0
3693,0
3694,0
3695,1
3696,1
3697,0
3698,1
3699,0
3700,0
3701,1
3702,1
3703,0
3704,0
3705,0
3706,0
3707,1
3708,0
3709,0
3710,0
3711,0
3712,0
3713,1
3714,1
3715,0
3716,1
3717,1
3718,0
3719,0
3720,1
3721,1
3722,1
3723,0
3724,0
3725,0
3726,1
3727,1
3728,1
3729,0
3730,1
3731,0
3732,1
3733,0
3734,1
3735,0
3736,0
3737,1
3738,1
3739,0
3740,1
3741,1
3742,1
3743,0
3744,1
3745,0
3746,1
3747,1
3748,1
3749,1
3750,1
3751,0
3752,1
3753,1
3754,0
3755,0
3756,0
3757,0
3758,0
3759,0
3760,0
3761,0
3762,0
3763,1
3764,1
3765,1
3766,0
3767,1
3768,0
3769,1
3770,1
3771,1
3772,1
3773,1
3774,0
3775,0
3776,0
3777,0
3778,0
3779,1
3780,1
3781,0
3782,1
3783,0
3784,0
3785,1
3786,0
3787,1
3788,1
3789,0
3790,1
3791,0
3792,1
3793,0
3794,0
3795,1
3796,1
3797,0
3798,0
3799,0
3800,0
3801,1
3802,0
3803,1
3804,0
3805,0
3806,1
3807,1
3808,0
3809,0
3810,1
3811,0
3812,1
3813,0
3814,0
3815,1
3816,0
3817,0
3818,0
3819,0
3820,0
3821,0
3822,1
3823,0
3824,0
3825,1
3826,0
3827,1
3828,1
3829,0
3830,0
3831,0
3832,0
3833,1
3834,0
3835,0
3836,0
3837,0
3838,0
3839,0
3840,1
3841,0
3842,1
3843,1
3844,0
3845,1
3846,1
3847,1
3848,0
3849,0
3850,0
3851,0
3852,0
3853,0
3854,0
3855,0
3856,1
3857,1
3858,1
3859,0
3860,0
3861,1
3862,1
3863,0
3864,0
3865,1
3866,1
3867,1
3868,1
3869,1
3870,1
3871,0
3872,0
3873,1
3874,1
3875,1
3876,1
3877,1
3878,1
3879,1
3880,1
3881,0
3882,0
3883,0
3884,1
3885,0
3886,1
3887,1
3888,0
3889,1
3890,1
3891,1
3892,1
3893,0
3894,0
3895,0
3896,1
3897,0
3898,1
3899,0
3900,0
3901,0
3902,0
3903,1
3904,1
3905,0
3906,1
3907,1
3908,1
3909,1
3910,1
3911,1
3912,1
3913,1
3914,0
3915,1
3916,1
3917,0
3918,0
3919,1
3920,0
3921,0
3922,1
3923,1
3924,1
3925,0
3926,0
3927,0
3928,0
3929,0
3930,1
3931,0
3932,0
3933,1
3934,1
3935,0
3936,0
3937,0
3938,1
3939,1
3940,1
3941,0
3942,0
3943,0
3944,0
3945,0
3946,1
3947,1
3948,1
3949,1
3950,1
3951,1
3952,0
3953,0
3954,1
3955,0
3956,0
3957,0
3958,1
3959,1
3960,0
3961,1
3962,1
3963,0
3964,1
3965,0
3966,1
3967,1
3968,0
3969,1
3970,0
3971,0
3972,0
3973,1
3974,1
3975,0
3976,0
3977,0
3978,1
3979,1
3980,0
3981,1
3982,1
3983,1
3984,0
3985,0
3986,1
3987,1
3988,0
3989,1
3990,0
3991,1
3992,1
3993,1
3994,1
3995,1
3996,0
3997,1
3998,0
3999,1
4000,1
4001,1
4002,1
4003,0
4004,1
4005,1
4006,1
4007,1
4008,0
4009,0
4010,1
4011,0
4012,0
4013,0
4014,1
4015,0
4016,0
4017,1
4018,1
4019,1
4020,1
4021,0
4022,0
4023,1
4024,1
4025,1
4026,1
4027,0
4028,0
4029,0
4030,0
4031,0
4032,0
4033,1
4034,1
4035,0
4036,1
4037,0
4038,1
4039,0
4040,1
4041,0
4042,0
4043,0
4044,0
4045,1
4046,1
4047,0
4048,0
4049,0
4050,0
4051,1
4052,0
4053,0
4054,1
4055,0
4056,1
4057,0
4058,0
4059,0
4060,0
4061,1
4062,1
4063,0
4064,0
4065,1
4066,1
4067,0
4068,0
4069,1
4070,0
4071,0
4072,0
4073,0
4074,0
4075,0
4076,1
4077,0
4078,1
4079,1
4080,1
4081,1
4082,0
4083,1
4084,0
4085,0
4086,0
4087,0
4088,1
4089,0
4090,0
4091,0
4092,1
4093,0
4094,1
4095,0
4096,0
4097,1
4098,0
4099,1
4100,1
4101,1
4102,0
4103,0
4104,0
4105,1
4106,1
4107,0
4108,0
4109,0
4110,0
4111,0
4112,0
4113,0
4114,0
4115,0
4116,1
4117,1
4118,1
4119,0
4120,0
4121,1
4122,0
4123,1
4124,0
4125,0
4126,1
4127,0
4128,1
4129,1
4130,1
4131,1
4132,1
4133,0
4134,0
4135,1
4136,1
4137,1
4138,0
4139,1
4140,0
4141,1
4142,0
4143,0
4144,1
4145,0
4146,0
4147,0
4148,1
4149,0
4150,0
4151,1
4152,1
4153,0
4154,0
4155,1
4156,0
4157,0
4158,1
4159,1
4160,0
4161,0
4162,1
4163,1
4164,1
4165,1
4166,0
4167,1
4168,0
4169,0
4170,0
4171,0
4172,1
4173,1
4174,0
4175,0
4176,1
4177,1
4178,0
4179,1
4180,0
4181,1
4182,0
4183,0
4184,0
4185,0
4186,1
4187,1
4188,0
4189,0
4190,0
4191,0
4192,0
4193,1
4194,0
4195,1
4196,0
4197,0
4198,0
4199,0
4200,0
4201,1
4202,1
4203,1
4204,0
4205,0
4206,1
4207,1
4208,0
4209,1
4210,0
4211,0
4212,0
4213,0
4214,0
4215,0
4216,0
4217,0
4218,0
4219,1
4220,1
4221,1
4222,0
4223,1
4224,0
4225,1
4226,0
4227,0
4228,0
4229,1
4230,0
4231,0
4232,0
4233,0
4234,0
4235,1
4236,0
4237,0
4238,1
4239,0
4240,0
4241,0
4242,1
4243,1
4244,1
4245,0
4246,1
4247,1
4248,0
4249,1
4250,1
4251,0
4252,1
4253,0
4254,1
4255,0
4256,0
4257,1
4258,0
4259,1
4260,0
4261,0
4262,0
4263,1
4264,1
4265,1
4266,0
4267,1
4268,0
4269,0
4270,1
4271,0
4272,0
4273,1
4274,0
4275,0
4276,1
4277,0
4278,0
4279,1
4280,0
4281,0
4282,1
4283,1
4284,1
4285,0
4286,0
4287,0
4288,0
4289,0
4290,0
4291,1
4292,0
4293,0
4294,1
4295,1
4296,0
4297,1
4298,0
4299,0
4300,1
4301,1
4302,0
4303,1
4304,1
4305,1
4306,1
4307,1
4308,1
4309,0
4310,0
4311,0
4312,0
4313,1
4314,0
4315,0
4316,0
4317,0
4318,1
4319,0
4320,0
4321,0
4322,0
4323,0
4324,0
4325,1
4326,0
4327,0
4328,0
4329,0
4330,0
4331,0
4332,0
4333,1
4334,0
4335,1
4336,1
4337,1
4338,0
4339,0
4340,1
4341,0
4342,1
4343,1
4344,0
4345,0
4346,1
4347,1
4348,0
4349,1
4350,0
4351,0
4352,0
4353,1
4354,0
4355,0
4356,0
4357,1
4358,1
4359,1
4360,1
4361,0
4362,1
4363,1
4364,0
4365,1
4366,1
4367,1
4368,0
4369,0
4370,1
4371,0
4372,1
4373,0
4374,0
4375,0
4376,1
4377,1
4378,0
4379,0
4380,0
4381,1
4382,0
4383,0
4384,1
4385,1
4386,0
4387,1
4388,1
4389,1
4390,0
4391,1
4392,0
4393,0
4394,1
4395,1
4396,0
4397,1
4398,1
4399,0
4400,0
4401,0
4402,1
4403,1
4404,1
4405,0
4406,0
4407,1
4408,1
4409,1
4410,1
4411,1
4412,0
4413,0
4414,0
4415,0
4416,1
4417,0
4418,0
4419,0
4420,0
4421,0
4422,0
4423,1
4424,0
4425,0
4426,1
4427,1
4428,1
4429,1
4430,1
4431,1
4432,1
4433,1
4434,1
4435,0
4436,0
4437,0
4438,0
4439,1
4440,0
4441,1
4442,0
4443,1
4444,1
4445,1
4446,0
4447,1
4448,0
4449,1
4450,1
4451,1
4452,0
4453,1
4454,0
4455,0
4456,1
4457,0
4458,0
4459,1
4460,0
4461,1
4462,1
4463,1
4464,1
4465,1
4466,0
4467,1
4468,0
4469,0
4470,0
4471,0
4472,1
4473,0
4474,0
4475,0
4476,0
4477,1
4478,0
4479,0
4480,0
4481,0
4482,1
4483,0
4484,1
4485,1
4486,0
4487,0
4488,0
4489,1
4490,1
4491,1
4492,0
4493,1
4494,0
4495,1
4496,0
4497,0
4498,1
4499,0
4500,1
4501,0
4502,0
4503,1
4504,1
4505,0
4506,0
4507,0
4508,1
4509,0
4510,1
4511,0
4512,1
4513,1
4514,1
4515,0
4516,0
4517,0
4518,0
4519,1
4520,0
4521,1
4522,0
4523,0
4524,1
4525,0
4526,0
4527,0
4528,0
4529,1
4530,0
4531,1
4532,1
4533,0
4534,1
4535,1
4536,1
4537,0
4538,1
4539,0
4540,0
4541,1
4542,1
4543,0
4544,0
4545,0
4546,0
4547,1
4548,0
4549,1
4550,1
4551,0
4552,0
4553,1
4554,0
4555,1
4556,0
4557,1
4558,0
4559,1
4560,0
4561,1
4562,0
4563,1
4564,0
4565,1
4566,1
4567,0
4568,1
4569,1
4570,0
4571,0
4572,0
4573,1
4574,0
4575,1
4576,0
4577,1
4578,0
4579,1
4580,0
4581,0
4582,0
4583,0
4584,0
4585,0
4586,0
4587,1
4588,1
4589,1
4590,0
4591,0
4592,0
4593,1
4594,0
4595,1
4596,0
4597,1
4598,1
4599,0
4600,1
4601,1
4602,1
4603,0
4604,0
4605,0
4606,1
4607,0
4608,1
4609,0
4610,0
4611,1
4612,0
4613,0
4614,0
4615,1
4616,0
4617,1
4618,1
4619,1
4620,1
4621,1
4622,1
4623,1
4624,1
4625,0
4626,1
4627,0
4628,0
4629,0
4630,1
4631,1
4632,1
4633,1
4634,1
4635,1
4636,1
4637,1
4638,0
4639,1
4640,1
4641,0
4642,0
4643,0
4644,1
4645,0
4646,1
4647,1
4648,1
4649,1
4650,1
4651,0
4652,0
4653,0
4654,0
4655,1
4656,0
4657,1
4658,1
4659,0
4660,1
4661,1
4662,0
4663,1
4664,0
4665,0
4666,0
4667,0
4668,0
4669,0
4670,0
4671,0
4672,0
4673,1
4674,0
4675,0
4676,0
4677,0
4678,1
4679,0
4680,1
4681,1
4682,0
4683,0
4684,0
4685,1
4686,0
4687,0
4688,0
4689,0
4690,0
4691,0
4692,1
4693,0
4694,1
4695,0
4696,0
4697,0
4698,0
4699,1
4700,1
4701,1
4702,0
4703,0
4704,0
4705,1
4706,0
4707,0
4708,0
4709,0
4710,0
4711,1
4712,1
4713,1
4714,1
4715,1
4716,1
4717,1
4718,1
4719,0
4720,1
4721,1
4722,0
4723,1
4724,1
4725,1
4726,1
4727,1
4728,0
4729,1
4730,1
4731,0
4732,0
4733,0
4734,0
4735,0
4736,1
4737,0
4738,1
4739,0
4740,0
4741,0
4742,0
4743,0
4744,0
4745,0
4746,0
4747,1
4748,1
4749,0
4750,1
4751,0
4752,1
4753,1
4754,1
4755,0
4756,1
4757,1
4758,0
4759,0
4760,1
4761,0
4762,0
4763,1
4764,1
4765,1
4766,0
4767,0
4768,0
4769,1
4770,0
4771,0
4772,0
4773,1
4774,0
4775,1
4776,0
4777,0
4778,0
4779,0
4780,0
4781,0
4782,1
4783,0
4784,1
4785,1
4786,1
4787,0
4788,1
4789,0
4790,0
4791,0
4792,0
4793,0
4794,1
4795,0
4796,1
4797,0
4798,1
4799,0
4800,1
4801,1
4802,1
4803,0
4804,0
4805,0
4806,0
4807,0
4808,1
4809,0
4810,1
4811,1
4812,1
4813,0
4814,1
4815,0
4816,1
4817,1
4818,0
4819,1
4820,0
4821,1
4822,0
4823,0
4824,0
4825,1
4826,0
4827,0
4828,1
4829,1
4830,1
4831,0
4832,0
4833,0
4834,1
4835,0
4836,0
4837,0
4838,0
4839,1
4840,1
4841,0
4842,0
4843,1
4844,0
4845,0
4846,0
4847,1
4848,0
4849,1
4850,0
4851,0
4852,1
4853,0
4854,0
4855,1
4856,1
4857,0
4858,0
4859,0
4860,0
4861,0
4862,0
4863,0
4864,0
4865,0
4866,1
4867,0
4868,0
4869,0
4870,0
4871,1
4872,1
4873,0
4874,0
4875,1
4876,0
4877,1
4878,0
4879,0
4880,0
4881,1
4882,0
4883,1
4884,0
4885,1
4886,0
4887,1
4888,0
4889,0
4890,0
4891,1
4892,0
4893,0
4894,0
4895,1
4896,0
4897,0
4898,1
4899,1
4900,0
4901,1
4902,0
4903,1
4904,0
4905,1
4906,0
4907,1
4908,0
4909,0
4910,1
4911,0
4912,1
4913,1
4914,0
4915,0
4916,0
4917,0
4918,0
4919,1
4920,1
4921,1
4922,0
4923,0
4924,1
4925,1
4926,1
4927,1
4928,0
4929,0
4930,0
4931,1
4932,0
4933,0
4934,1
4935,0
4936,0
4937,1
4938,0
4939,0
4940,0
4941,0
4942,0
4943,0
4944,1
4945,1
4946,0
4947,1
4948,0
4949,0
4950,1
4951,0
4952,1
4953,1
4954,0
4955,1
4956,1
4957,0
4958,1
4959,1
4960,0
4961,1
4962,0
4963,0
4964,1
4965,0
4966,0
4967,0
4968,0
4969,0
4970,0
4971,0
4972,1
4973,0
4974,1
4975,1
4976,0
4977,1
4978,0
4979,1
4980,0
4981,0
4982,1
4983,1
4984,1
4985,1
4986,0
4987,1
4988,1
4989,1
4990,0
4991,1
4992,1
4993,0
4994,0
4995,0
4996,0
4997,0
4998,1
4999,1
5000,1
5001,1
5002,0
5003,0
5004,1
5005,1
5006,0
5007,1
5008,0
5009,0
5010,1
5011,1
5012,0
5013,0
5014,1
5015,0
5016,0
5017,0
5018,0
5019,0
5020,1
5021,0
5022,0
5023,1
5024,1
5025,0
5026,0
5027,1
5028,0
5029,1
5030,0
5031,0
5032,0
5033,0
5034,1
5035,1
5036,0
5037,0
5038,1
5039,0
5040,0
5041,1
5042,0
5043,0
5044,1
5045,1
5046,0
5047,1
5048,1
5049,1
5050,0
5051,0
5052,1
5053,0
5054,0
5055,1
5056,0
5057,1
5058,0
5059,0
5060,0
5061,0
5062,0
5063,1
5064,0
5065,1
5066,1
5067,1
5068,0
5069,0
5070,1
5071,0
5072,1
5073,0
5074,1
5075,0
5076,1
5077,1
5078,0
5079,1
5080,1
5081,1
5082,0
5083,0
5084,1
5085,0
5086,0
5087,0
5088,0
5089,1
5090,0
5091,0
5092,0
5093,1
5094,0
5095,1
5096,0
5097,0
5098,0
5099,0
5100,0
5101,0
5102,1
5103,0
5104,0
5105,0
5106,0
5107,0
5108,0
5109,1
5110,0
5111,1
5112,1
5113,1
5114,0
5115,1
5116,1
5117,1
5118,0
5119,0
5120,1
5121,0
5122,0
5123,0
5124,0
5125,1
5126,0
5127,0
5128,0
5129,0
5130,1
5131,1
5132,0
5133,1
5134,0
5135,0
5136,1
5137,0
5138,1
5139,0
5140,1
5141,0
5142,1
5143,0
5144,1
5145,0
5146,1
5147,1
5148,0
5149,0
5150,1
5151,0
5152,1
5153,0
5154,0
5155,0
5156,0
5157,0
5158,0
5159,0
5160,1
5161,1
5162,1
5163,0
5164,0
5165,0
5166,1
5167,0
5168,0
5169,0
5170,1
5171,0
5172,0
5173,0
5174,1
5175,0
5176,1
5177,0
5178,1
5179,1
5180,0
5181,1
5182,1
5183,1
5184,0
5185,1
5186,0
5187,0
5188,0
5189,1
5190,1
5191,0
5192,0
5193,0
5194,0
5195,1
5196,0
5197,1
5198,0
5199,0
5200,0
5201,0
5202,1
5203,1
5204,1
5205,0
5206,0
5207,1
5208,0
5209,0
5210,0
5211,1
5212,1
5213,0
5214,0
5215,1
5216,1
5217,1
5218,0
5219,0
5220,0
5221,0
5222,0
5223,1
5224,1
5225,0
5226,1
5227,0
5228,0
5229,1
5230,1
5231,0
5232,0
5233,1
5234,0
5235,0
5236,1
5237,0
5238,1
5239,1
5240,1
5241,0
5242,0
5243,0
5244,0
5245,0
5246,0
5247,0
5248,0
5249,1
5250,1
5251,1
5252,1
5253,1
5254,1
5255,1
5256,0
5257,1
5258,1
5259,0
5260,1
5261,0
5262,1
5263,0
5264,1
5265,1
5266,1
5267,0
5268,0
5269,0
5270,1
5271,0
5272,0
5273,0
5274,1
5275,1
5276,0
5277,0
5278,1
5279,1
5280,1
5281,0
5282,1
5283,0
5284,0
5285,0
5286,1
5287,1
5288,1
5289,1
5290,0
5291,1
5292,0
5293,0
5294,0
5295,1
5296,0
5297,1
5298,0
5299,1
5300,0
5301,0
5302,0
5303,1
5304,0
5305,0
5306,0
5307,0
5308,1
5309,0
5310,1
5311,1
5312,0
5313,0
5314,1
5315,0
5316,1
5317,0
5318,0
5319,1
5320,0
5321,0
5322,0
5323,0
5324,1
5325,0
5326,0
5327,1
5328,1
5329,0
5330,1
5331,1
5332,0
5333,0
5334,0
5335,0
5336,0
5337,1
5338,1
5339,1
5340,0
5341,0
5342,0
5343,0
5344,1
5345,0
5346,0
5347,0
5348,0
5349,1
5350,0
5351,0
5352,0
5353,1
5354,0
5355,0
5356,0
5357,1
5358,0
5359,0
5360,1
5361,1
5362,1
5363,1
5364,1
5365,0
5366,0
5367,0
5368,1
5369,0
5370,0
5371,1
5372,0
5373,0
5374,1
5375,1
5376,1
5377,0
5378,0
5379,0
5380,0
5381,0
5382,0
5383,1
5384,0
5385,0
5386,1
5387,1
5388,1
5389,0
5390,0
5391,1
5392,1
5393,1
5394,0
5395,1
5396,1
5397,1
5398,1
5399,1
5400,0
5401,0
5402,0
5403,0
5404,1
5405,0
5406,0
5407,1
5408,0
5409,0
5410,1
5411,1
5412,0
5413,0
5414,0
5415,1
5416,1
5417,1
5418,0
5419,1
5420,0
5421,0
5422,0
5423,0
5424,0
5425,1
5426,1
5427,1
5428,0
5429,1
5430,0
5431,1
5432,1
5433,0
5434,1
5435,0
5436,0
5437,1
5438,0
5439,0
5440,0
5441,0
5442,1
5443,1
5444,1
5445,1
5446,0
5447,0
5448,1
5449,0
5450,0
5451,1
5452,0
5453,1
5454,0
5455,0
5456,1
5457,1
5458,0
5459,0
5460,0
5461,1
5462,0
5463,0
5464,0
5465,1
5466,0
5467,0
5468,0
5469,0
5470,0
5471,1
5472,0
5473,0
5474,1
5475,1
5476,1
5477,0
5478,1
5479,1
5480,0
5481,0
5482,1
5483,0
5484,1
5485,1
5486,1
5487,0
5488,1
5489,0
5490,1
5491,1
5492,0
5493,1
5494,1
5495,1
5496,1
5497,0
5498,0
5499,0
5500,0
5501,1
5502,0
5503,0
5504,1
5505,0
5506,1
5507,1
5508,1
5509,0
5510,0
5511,1
5512,1
5513,1
5514,1
5515,1
5516,0
5517,1
5518,0
5519,0
5520,0
5521,0
5522,1
5523,1
5524,0
5525,1
5526,0
5527,0
5528,0
5529,0
5530,0
5531,0
5532,1
5533,0
5534,0
5535,1
5536,0
5537,0
5538,0
5539,0
5540,0
5541,1
5542,1
5543,1
5544,1
5545,1
5546,0
5547,0
5548,0
5549,1
5550,0
5551,1
5552,1
5553,0
5554,1
5555,1
5556,0
5557,0
5558,1
5559,0
5560,0
5561,1
5562,0
5563,1
5564,1
5565,0
5566,1
5567,1
5568,0
5569,0
5570,0
5571,0
5572,1
5573,1
5574,1
5575,0
5576,0
5577,0
5578,0
5579,0
5580,0
5581,0
5582,1
5583,1
5584,0
5585,0
5586,0
5587,1
5588,0
5589,0
5590,0
5591,0
5592,1
5593,1
5594,0
5595,1
5596,1
5597,0
5598,1
5599,0
5600,1
5601,0
5602,0
5603,0
5604,0
5605,1
5606,1
5607,0
5608,1
5609,1
5610,1
5611,0
5612,0
5613,1
5614,0
5615,0
5616,1
5617,1
5618,0
5619,0
5620,0
5621,1
5622,0
5623,0
5624,1
5625,1
5626,0
5627,1
5628,0
5629,1
5630,1
5631,0
5632,0
5633,1
5634,0
5635,0
5636,0
5637,1
5638,1
5639,0
5640,1
5641,1
5642,0
5643,0
5644,1
5645,1
5646,1
5647,0
5648,0
5649,1
5650,1
5651,0
5652,1
5653,1
5654,0
5655,0
5656,1
5657,1
5658,0
5659,1
5660,0
5661,1
5662,1
5663,0
5664,0
5665,0
5666,0
5667,1
5668,1
5669,1
5670,1
5671,0
5672,0
5673,0
5674,0
5675,1
5676,0
5677,0
5678,1
5679,1
5680,0
5681,1
5682,1
5683,0
5684,0
5685,0
5686,0
5687,0
5688,1
5689,0
5690,0
5691,0
5692,1
5693,0
5694,1
5695,0
5696,0
5697,1
5698,1
5699,0
5700,1
5701,1
5702,1
5703,0
5704,1
5705,1
5706,1
5707,1
5708,0
5709,0
5710,0
5711,0
5712,1
5713,1
5714,0
5715,0
5716,1
5717,0
5718,1
5719,1
5720,0
5721,0
5722,1
5723,1
5724,1
5725,0
5726,1
5727,0
5728,1
5729,0
5730,0
5731,1
5732,0
5733,1
5734,1
5735,1
5736,1
5737,1
5738,0
5739,0
5740,0
5741,0
5742,0
5743,1
5744,0
5745,0
5746,1
5747,0
5748,0
5749,1
5750,1
5751,0
5752,0
5753,1
5754,1
5755,0
5756,0
5757,0
5758,0
5759,1
5760,1
5761,1
5762,0
5763,0
5764,0
5765,0
5766,0
5767,1
5768,1
5769,0
5770,0
5771,1
5772,1
5773,1
5774,1
5775,1
5776,0
5777,1
5778,0
5779,1
5780,0
5781,0
5782,0
5783,0
5784,1
5785,0
5786,0
5787,1
5788,1
5789,1
5790,1
5791,0
5792,1
5793,0
5794,0
5795,1
5796,1
5797,1
5798,1
5799,0
5800,1
5801,1
5802,0
5803,1
5804,0
5805,1
5806,0
5807,0
5808,0
5809,0
5810,0
5811,0
5812,0
5813,1
5814,0
5815,0
5816,1
5817,0
5818,0
5819,1
5820,0
5821,1
5822,0
5823,1
5824,1
5825,0
5826,1
5827,1
5828,1
5829,0
5830,0
5831,1
5832,1
5833,1
5834,1
5835,1
5836,0
5837,1
5838,0
5839,0
5840,0
5841,1
5842,0
5843,1
5844,0
5845,0
5846,1
5847,1
5848,0
5849,1
5850,0
5851,0
5852,1
5853,0
5854,1
5855,1
5856,1
5857,0
5858,0
5859,0
5860,0
5861,0
5862,0
5863,0
5864,0
5865,1
5866,1
5867,1
5868,1
5869,1
5870,1
5871,1
5872,1
5873,0
5874,1
5875,1
5876,0
5877,0
5878,0
5879,1
5880,1
5881,1
5882,0
5883,0
5884,0
5885,0
5886,1
5887,0
5888,0
5889,1
5890,0
5891,0
5892,0
5893,0
5894,0
5895,1
5896,1
5897,1
5898,0
5899,0
5900,1
5901,0
5902,0
5903,0
5904,1
5905,1
5906,1
5907,0
5908,0
5909,1
5910,0
5911,1
5912,1
5913,0
5914,1
5915,0
5916,1
5917,1
5918,1
5919,0
5920,1
5921,0
5922,0
5923,1
5924,0
5925,0
5926,0
5927,0
5928,1
5929,0
5930,1
5931,1
5932,0
5933,0
5934,0
5935,1
5936,0
5937,0
5938,0
5939,0
5940,0
5941,0
5942,0
5943,1
5944,0
5945,0
5946,1
5947,1
5948,0
5949,1
5950,1
5951,0
5952,1
5953,0
5954,0
5955,0
5956,0
5957,1
5958,0
5959,1
5960,0
5961,0
5962,0
5963,0
5964,1
5965,0
5966,0
5967,0
5968,1
5969,0
5970,1
5971,0
5972,0
5973,0
5974,0
5975,0
5976,1
5977,1
5978,0
5979,1
5980,1
5981,0
5982,0
5983,0
5984,1
5985,0
5986,1
5987,1
5988,0
5989,0
5990,0
5991,0
5992,0
5993,0
5994,0
5995,0
5996,0
5997,0
5998,0
5999,1
6000,0
6001,0
6002,0
6003,0
6004,1
6005,0
6006,0
6007,0
6008,1
6009,0
6010,1
6011,0
6012,1
6013,1
6014,0
6015,0
6016,0
6017,0
6018,1
6019,0
6020,1
6021,1
6022,1
6023,0
6024,1
6025,0
6026,0
6027,1
6028,1
6029,1
6030,0
6031,0
6032,1
6033,0
6034,1
6035,0
6036,1
6037,0
6038,0
6039,1
6040,1
6041,1
6042,0
6043,0
6044,0
6045,1
6046,0
6047,1
6048,1
6049,1
6050,1
6051,1
6052,1
6053,1
6054,1
6055,1
6056,1
6057,0
6058,0
6059,0
6060,0
6061,1
6062,1
6063,0
6064,0
6065,0
6066,0
6067,1
6068,1
6069,0
6070,0
6071,0
6072,0
6073,0
6074,0
6075,0
6076,0
6077,1
6078,1
6079,1
6080,0
6081,1
6082,0
6083,1
6084,0
6085,0
6086,0
6087,0
6088,1
6089,1
6090,1
6091,0
6092,0
6093,1
6094,1
6095,1
6096,0
6097,1
6098,0
6099,0
6100,0
6101,1
6102,1
6103,1
6104,0
6105,0
6106,0
6107,1
6108,1
6109,0
6110,0
6111,0
6112,0
6113,1
6114,0
6115,0
6116,0
6117,0
6118,0
6119,1
6120,1
6121,1
6122,1
6123,0
6124,0
6125,0
6126,1
6127,1
6128,0
6129,1
6130,0
6131,1
6132,0
6133,1
6134,0
6135,1
6136,0
6137,0
6138,1
6139,1
6140,1
6141,0
6142,0
6143,0
6144,0
6145,0
6146,1
6147,0
6148,1
6149,0
6150,1
6151,0
6152,1
6153,0
6154,1
6155,0
6156,1
6157,0
6158,0
6159,0
6160,1
6161,1
6162,0
6163,1
6164,0
6165,0
6166,0
6167,0
6168,0
6169,0
6170,1
6171,0
6172,0
6173,0
6174,1
6175,0
6176,0
6177,0
6178,1
6179,0
6180,0
6181,1
6182,1
6183,1
6184,1
6185,1
6186,1
6187,0
6188,1
6189,0
6190,1
6191,1
6192,0
6193,1
6194,1
6195,1
6196,1
6197,1
6198,0
6199,0
6200,1
6201,0
6202,0
6203,1
6204,1
6205,0
6206,0
6207,0
6208,1
6209,1
6210,1
6211,0
6212,0
6213,1
6214,0
6215,1
6216,0
6217,1
6218,0
6219,0
6220,1
6221,0
6222,0
6223,0
6224,1
6225,0
6226,0
6227,0
6228,0
6229,0
6230,0
6231,0
6232,1
6233,0
6234,1
6235,1
6236,1
6237,0
6238,1
6239,0
6240,1
6241,0
6242,0
6243,1
6244,1
6245,1
6246,0
6247,0
6248,0
6249,1
6250,0
6251,1
6252,0
6253,1
6254,0
6255,1
6256,1
6257,1
6258,1
6259,0
6260,0
6261,1
6262,1
6263,1
6264,0
6265,0
6266,0
6267,0
6268,1
6269,0
6270,1
6271,0
6272,0
6273,1
6274,1
6275,0
6276,1
6277,0
6278,1
6279,0
6280,0
6281,1
6282,0
6283,1
6284,1
6285,0
6286,0
6287,0
6288,1
6289,1
6290,1
6291,1
6292,0
6293,0
6294,1
6295,0
6296,0
6297,0
6298,0
6299,1
6300,0
6301,1
6302,0
6303,1
6304,0
6305,0
6306,0
6307,1
6308,1
6309,1
6310,0
6311,1
6312,0
6313,1
6314,1
6315,1
6316,0
6317,0
6318,1
6319,1
6320,0
6321,0
6322,1
6323,1
6324,0
6325,0
6326,0
6327,0
6328,1
6329,1
6330,0
6331,0
6332,0
6333,0
6334,0
6335,1
6336,0
6337,0
6338,0
6339,0
6340,0
6341,0
6342,0
6343,1
6344,1
6345,0
6346,0
6347,1
6348,0
6349,1
6350,1
6351,1
6352,1
6353,1
6354,0
6355,0
6356,1
6357,0
6358,0
6359,1
6360,0
6361,1
6362,1
6363,0
6364,0
6365,1
6366,1
6367,1
6368,0
6369,0
6370,0
6371,0
6372,0
6373,0
6374,1
6375,1
6376,1
6377,1
6378,0
6379,1
6380,0
6381,1
6382,1
6383,0
6384,0
6385,0
6386,0
6387,0
6388,0
6389,0
6390,1
6391,1
6392,0
6393,1
6394,0
6395,1
6396,1
6397,1
6398,1
6399,1
6400,0
6401,0
6402,0
6403,0
6404,1
6405,1
6406,1
6407,1
6408,1
6409,1
6410,0
6411,0
6412,1
6413,0
6414,0
6415,0
6416,1
6417,1
6418,0
6419,0
6420,1
6421,1
6422,1
6423,1
6424,0
6425,1
6426,0
6427,0
6428,0
6429,1
6430,1
6431,0
6432,1
6433,1
6434,0
6435,1
6436,1
6437,1
6438,0
6439,0
6440,1
6441,0
6442,0
6443,0
6444,0
6445,1
6446,0
6447,0
6448,0
6449,0
6450,1
6451,0
6452,0
6453,1
6454,1
6455,0
6456,0
6457,0
6458,1
6459,0
6460,1
6461,1
6462,1
6463,1
6464,0
6465,1
6466,0
6467,1
6468,1
6469,1
6470,0
6471,1
6472,0
6473,0
6474,0
6475,0
6476,0
6477,0
6478,1
6479,0
6480,1
6481,1
6482,1
6483,1
6484,0
6485,1
6486,1
6487,0
6488,1
6489,1
6490,1
6491,0
6492,0
6493,1
6494,0
6495,1
6496,0
6497,1
6498,0
6499,1
6500,1
6501,1
6502,1
6503,0
6504,1
6505,0
6506,1
6507,0
6508,0
6509,1
6510,1
6511,1
6512,1
6513,0
6514,0
6515,0
6516,0
6517,0
6518,1
6519,1
6520,1
6521,0
6522,0
6523,0
6524,0
6525,0
6526,1
6527,1
6528,0
6529,0
6530,1
6531,1
6532,0
6533,1
6534,0
6535,1
6536,1
6537,1
6538,0
6539,0
6540,0
6541,0
6542,0
6543,0
6544,0
6545,0
6546,1
6547,1
6548,0
6549,0
6550,1
6551,1
6552,0
6553,0
6554,1
6555,0
6556,0
6557,0
6558,1
6559,0
6560,0
6561,0
6562,0
6563,1
6564,1
6565,1
6566,0
6567,0
6568,0
6569,0
6570,1
6571,1
6572,1
6573,0
6574,1
6575,0
6576,0
6577,0
6578,0
6579,1
6580,1
6581,1
6582,0
6583,0
6584,0
6585,1
6586,0
6587,1
6588,0
6589,1
6590,0
6591,0
6592,1
6593,1
6594,0
6595,1
6596,0
6597,1
6598,1
6599,0
6600,1
6601,0
6602,1
6603,1
6604,1
6605,0
6606,1
6607,0
6608,0
6609,0
6610,0
6611,1
6612,0
6613,1
6614,0
6615,1
6616,1
6617,1
6618,1
6619,1
6620,1
6621,0
6622,0
6623,0
6624,1
6625,0
6626,0
6627,0
6628,1
6629,0
6630,0
6631,0
6632,0
6633,1
6634,0
6635,0
6636,0
6637,1
6638,1
6639,0
6640,1
6641,1
6642,1
6643,0
6644,1
6645,0
6646,0
6647,1
6648,0
6649,0
6650,0
6651,1
6652,0
6653,1
6654,1
6655,0
6656,1
6657,0
6658,1
6659,0
6660,0
6661,1
6662,0
6663,0
6664,0
6665,1
6666,0
6667,0
6668,0
6669,0
6670,1
6671,0
6672,0
6673,1
6674,1
6675,1
6676,0
6677,1
6678,1
6679,1
6680,0
6681,0
6682,0
6683,1
6684,1
6685,0
6686,0
6687,0
6688,0
6689,1
6690,1
6691,0
6692,0
6693,0
6694,0
6695,0
6696,1
6697,0
6698,0
6699,0
6700,1
6701,1
6702,0
6703,0
6704,1
6705,0
6706,0
6707,1
6708,0
6709,0
6710,0
6711,0
6712,1
6713,0
6714,0
6715,0
6716,1
6717,0
6718,1
6719,0
6720,1
6721,1
6722,0
6723,0
6724,0
6725,0
6726,1
6727,0
6728,1
6729,1
6730,0
6731,0
6732,0
6733,0
6734,0
6735,0
6736,0
6737,1
6738,0
6739,0
6740,0
6741,0
6742,0
6743,1
6744,0
6745,0
6746,1
6747,1
6748,1
6749,1
6750,0
6751,1
6752,0
6753,0
6754,0
6755,0
6756,1
6757,0
6758,1
6759,1
6760,0
6761,0
6762,1
6763,0
6764,0
6765,0
6766,1
6767,1
6768,0
6769,1
6770,0
6771,1
6772,1
6773,0
6774,0
6775,0
6776,1
6777,0
6778,0
6779,0
6780,0
6781,0
6782,0
6783,0
6784,0
6785,0
6786,1
6787,0
6788,1
6789,0
6790,0
6791,0
6792,0
6793,0
6794,0
6795,1
6796,0
6797,0
6798,0
6799,0
6800,1
6801,1
6802,1
6803,0
6804,1
6805,0
6806,0
6807,0
6808,0
6809,0
6810,0
6811,1
6812,0
6813,0
6814,1
6815,0
6816,0
6817,0
6818,0
6819,0
6820,0
6821,1
6822,1
6823,0
6824,0
6825,1
6826,0
6827,0
6828,1
6829,1
6830,1
6831,0
6832,1
6833,0
6834,0
6835,0
6836,1
6837,1
6838,1
6839,1
6840,0
6841,0
6842,0
6843,1
6844,1
6845,0
6846,0
6847,1
6848,1
6849,0
6850,0
6851,1
6852,1
6853,0
6854,1
6855,0
6856,0
6857,0
6858,1
6859,0
6860,1
6861,0
6862,0
6863,0
6864,1
6865,1
6866,1
6867,0
6868,1
6869,1
6870,1
6871,0
6872,1
6873,0
6874,1
6875,0
6876,1
6877,0
6878,0
6879,0
6880,0
6881,0
6882,1
6883,1
6884,0
6885,1
6886,0
6887,1
6888,0
6889,1
6890,0
6891,0
6892,1
6893,1
6894,0
6895,1
6896,0
6897,0
6898,1
6899,0
6900,1
6901,1
6902,0
6903,1
6904,0
6905,0
6906,0
6907,0
6908,1
6909,1
6910,0
6911,1
6912,0
6913,0
6914,0
6915,1
6916,0
6917,0
6918,1
6919,0
6920,1
6921,0
6922,1
6923,0
6924,0
6925,1
6926,0
6927,1
6928,0
6929,0
6930,0
6931,0
6932,1
6933,0
6934,1
6935,1
6936,1
6937,0
6938,1
6939,1
6940,0
6941,0
6942,1
6943,0
6944,1
6945,0
6946,1
6947,0
6948,0
6949,0
6950,0
6951,0
6952,1
6953,1
6954,1
6955,0
6956,1
6957,0
6958,1
6959,1
6960,0
6961,0
6962,0
6963,0
6964,1
6965,1
6966,0
6967,0
6968,1
6969,0
6970,0
6971,1
6972,1
6973,1
6974,0
6975,0
6976,0
6977,0
6978,0
6979,0
6980,0
6981,1
6982,0
6983,0
6984,1
6985,1
6986,1
6987,0
6988,0
6989,1
6990,1
6991,0
6992,1
6993,1
6994,1
6995,1
6996,1
6997,1
6998,0
6999,1
7000,1
7001,1
7002,1
7003,1
7004,0
7005,1
7006,0
7007,1
7008,0
7009,1
7010,1
7011,0
7012,1
7013,0
7014,1
7015,0
7016,1
7017,1
7018,1
7019,0
7020,0
7021,0
7022,1
7023,0
7024,1
7025,1
7026,0
7027,0
7028,0
7029,1
7030,0
7031,1
7032,0
7033,0
7034,1
7035,0
7036,0
7037,0
7038,0
7039,1
7040,1
7041,1
7042,0
7043,0
7044,0
7045,0
7046,0
7047,1
7048,1
7049,0
7050,1
7051,0
7052,0
7053,0
7054,1
7055,1
7056,0
7057,0
7058,1
7059,0
7060,0
7061,0
7062,1
7063,1
7064,1
7065,1
7066,0
7067,1
7068,0
7069,1
7070,1
7071,0
7072,1
7073,0
7074,0
7075,1
7076,0
7077,0
7078,0
7079,0
7080,0
7081,1
7082,0
7083,1
7084,0
7085,0
7086,0
7087,0
7088,0
7089,0
7090,0
7091,1
7092,0
7093,1
7094,0
7095,0
7096,1
7097,0
7098,1
7099,1
7100,1
7101,1
7102,1
7103,0
7104,1
7105,0
7106,1
7107,1
7108,0
7109,1
7110,0
7111,1
7112,1
7113,1
7114,1
7115,1
7116,0
7117,1
7118,0
7119,0
7120,1
7121,0
7122,0
7123,1
7124,0
7125,1
7126,0
7127,0
7128,1
7129,0
7130,1
7131,1
7132,0
7133,0
7134,1
7135,0
7136,1
7137,0
7138,1
7139,1
7140,0
7141,1
7142,0
7143,0
7144,1
7145,0
7146,0
7147,1
7148,0
7149,1
7150,0
7151,0
7152,0
7153,0
7154,0
7155,1
7156,0
7157,1
7158,0
7159,1
7160,0
7161,0
7162,1
7163,1
7164,0
7165,0
7166,1
7167,0
7168,0
7169,0
7170,1
7171,0
7172,0
7173,0
7174,0
7175,0
7176,0
7177,1
7178,0
7179,0
7180,0
7181,1
7182,0
7183,0
7184,0
7185,0
7186,1
7187,1
7188,0
7189,0
7190,0
7191,0
7192,1
7193,0
7194,0
7195,0
7196,0
7197,0
7198,1
7199,0
7200,1
7201,1
7202,0
7203,1
7204,0
7205,1
7206,0
7207,1
7208,1
7209,1
7210,1
7211,0
7212,0
7213,0
7214,1
7215,1
7216,1
7217,0
7218,1
7219,1
7220,0
7221,0
7222,0
7223,0
7224,1
7225,1
7226,0
7227,1
7228,0
7229,0
7230,0
7231,0
7232,1
7233,1
7234,0
7235,1
7236,1
7237,0
7238,1
7239,1
7240,0
7241,0
7242,0
7243,0
7244,1
7245,1
7246,0
7247,0
7248,0
7249,0
7250,1
7251,0
7252,1
7253,0
7254,1
7255,0
7256,1
7257,0
7258,0
7259,1
7260,1
7261,1
7262,0
7263,1
7264,0
7265,0
7266,0
7267,1
7268,1
7269,0
7270,0
7271,0
7272,0
7273,0
7274,0
7275,0
7276,0
7277,0
7278,1
7279,1
7280,1
7281,1
7282,0
7283,0
7284,0
7285,0
7286,1
7287,1
7288,0
7289,1
7290,1
7291,0
7292,0
7293,1
7294,1
7295,0
7296,0
7297,0
7298,1
7299,1
7300,0
7301,0
7302,0
7303,1
7304,0
7305,0
7306,1
7307,0
7308,0
7309,1
7310,1
7311,0
7312,1
7313,1
7314,0
7315,0
7316,1
7317,1
7318,0
7319,1
7320,1
7321,0
7322,0
7323,0
7324,0
7325,0
7326,1
7327,1
7328,0
7329,0
7330,1
7331,1
7332,0
7333,0
7334,0
7335,0
7336,1
7337,0
7338,1
7339,1
7340,0
7341,0
7342,1
7343,1
7344,0
7345,0
7346,1
7347,0
7348,1
7349,0
7350,0
7351,1
7352,1
7353,1
7354,0
7355,0
7356,1
7357,0
7358,1
7359,1
7360,0
7361,0
7362,0
7363,0
7364,0
7365,1
7366,1
7367,1
7368,1
7369,0
7370,0
7371,0
7372,0
7373,0
7374,1
7375,0
7376,1
7377,0
7378,0
7379,0
7380,0
7381,1
7382,0
7383,0
7384,1
7385,0
7386,0
7387,0
7388,0
7389,0
7390,0
7391,0
7392,0
7393,0
7394,1
7395,0
7396,1
7397,0
7398,1
7399,0
7400,0
7401,1
7402,0
7403,0
7404,0
7405,1
7406,1
7407,0
7408,1
7409,0
7410,1
7411,1
7412,0
7413,1
7414,1
7415,1
7416,0
7417,0
7418,1
7419,1
7420,1
7421,1
7422,0
7423,0
7424,0
7425,1
7426,1
7427,1
7428,0
7429,1
7430,1
7431,0
7432,0
7433,0
7434,0
7435,0
7436,0
7437,1
7438,0
7439,1
7440,0
7441,1
7442,0
7443,1
7444,1
7445,0
7446,0
7447,0
7448,1
7449,1
7450,0
7451,0
7452,1
7453,1
7454,0
7455,0
7456,1
7457,0
7458,0
7459,0
7460,1
7461,0
7462,1
7463,0
7464,1
7465,0
7466,0
7467,1
7468,0
7469,0
7470,0
7471,0
7472,1
7473,0
7474,1
7475,0
7476,1
7477,0
7478,1
7479,1
7480,0
7481,0
7482,0
7483,0
7484,0
7485,1
7486,0
7487,0
7488,0
7489,0
7490,0
7491,0
7492,0
7493,1
7494,0
7495,1
7496,0
7497,1
7498,0
7499,0
7500,0
7501,1
7502,0
7503,0
7504,1
7505,1
7506,1
7507,0
7508,0
7509,1
7510,0
7511,1
7512,0
7513,0
7514,0
7515,1
7516,0
7517,0
7518,1
7519,0
7520,0
7521,0
7522,0
7523,0
7524,0
7525,0
7526,0
7527,0
7528,1
7529,0
7530,0
7531,0
7532,1
7533,0
7534,1
7535,1
7536,0
7537,0
7538,0
7539,1
7540,1
7541,0
7542,0
7543,1
7544,0
7545,0
7546,0
7547,1
7548,1
7549,1
7550,0
7551,0
7552,0
7553,0
7554,1
7555,1
7556,1
7557,1
7558,0
7559,0
7560,0
7561,0
7562,0
7563,0
7564,1
7565,0
7566,0
7567,0
7568,1
7569,0
7570,0
7571,1
7572,0
7573,0
7574,0
7575,1
7576,1
7577,0
7578,0
7579,1
7580,0
7581,0
7582,1
7583,0
7584,1
7585,1
7586,0
7587,0
7588,0
7589,0
7590,1
7591,0
7592,0
7593,0
7594,1
7595,0
7596,0
7597,0
7598,1
7599,0
7600,0
7601,1
7602,0
7603,0
7604,0
7605,0
7606,0
7607,0
7608,0
7609,0
7610,0
7611,0
7612,0
7613,1
7614,0
7615,1
7616,1
7617,1
7618,1
7619,0
7620,0
7621,1
7622,0
7623,0
7624,1
7625,0
7626,0
7627,0
7628,1
7629,1
7630,1
7631,1
7632,0
7633,1
7634,1
7635,0
7636,0
7637,0
7638,1
7639,0
7640,1
7641,1
7642,1
7643,0
7644,1
7645,1
7646,1
7647,1
7648,0
7649,1
7650,0
7651,0
7652,0
7653,0
7654,0
7655,1
7656,1
7657,0
7658,1
7659,1
7660,0
7661,0
7662,0
7663,1
7664,1
7665,1
7666,1
7667,1
7668,0
7669,0
7670,0
7671,1
7672,0
7673,0
7674,0
7675,0
7676,1
7677,0
7678,0
7679,0
7680,0
7681,0
7682,0
7683,1
7684,0
7685,1
7686,1
7687,0
7688,0
7689,0
7690,1
7691,0
7692,1
7693,0
7694,0
7695,0
7696,1
7697,0
7698,0
7699,1
7700,0
7701,1
7702,0
7703,0
7704,1
7705,1
7706,0
7707,1
7708,1
7709,1
7710,0
7711,1
7712,0
7713,1
7714,0
7715,0
7716,0
7717,0
7718,0
7719,0
7720,0
7721,1
7722,0
7723,0
7724,0
7725,0
7726,1
7727,1
7728,1
7729,0
7730,1
7731,1
7732,0
7733,0
7734,1
7735,1
7736,0
7737,1
7738,0
7739,0
7740,0
7741,1
7742,0
7743,0
7744,0
7745,0
7746,0
7747,0
7748,0
7749,0
7750,0
7751,1
7752,0
7753,0
7754,0
7755,0
7756,0
7757,1
7758,1
7759,1
7760,1
7761,1
7762,0
7763,1
7764,0
7765,1
7766,0
7767,0
7768,0
7769,0
7770,0
7771,0
7772,1
7773,1
7774,0
7775,1
7776,1
7777,0
7778,0
7779,1
7780,0
7781,0
7782,1
7783,1
7784,0
7785,1
7786,1
7787,0
7788,1
7789,0
7790,0
7791,1
7792,0
7793,1
7794,0
7795,1
7796,0
7797,1
7798,0
7799,1
7800,0
7801,1
7802,0
7803,0
7804,1
7805,1
7806,0
7807,0
7808,1
7809,0
7810,0
7811,1
7812,0
7813,0
7814,1
7815,1
7816,1
7817,0
7818,1
7819,0
7820,1
7821,0
7822,0
7823,1
7824,1
7825,0
7826,0
7827,1
7828,1
7829,1
7830,0
7831,0
7832,0
7833,1
7834,1
7835,0
7836,1
7837,1
7838,0
7839,1
7840,0
7841,1
7842,0
7843,1
7844,0
7845,0
7846,0
7847,1
7848,0
7849,0
7850,1
7851,1
7852,0
7853,1
7854,0
7855,1
7856,0
7857,0
7858,0
7859,1
7860,0
7861,0
7862,1
7863,1
7864,1
7865,0
7866,0
7867,0
7868,1
7869,1
7870,0
7871,0
7872,1
7873,0
7874,0
7875,1
7876,0
7877,0
7878,1
7879,1
7880,1
7881,1
7882,1
7883,0
7884,0
7885,0
7886,1
7887,1
7888,0
7889,1
7890,1
7891,1
7892,1
7893,1
7894,0
7895,0
7896,0
7897,0
7898,1
7899,1
7900,0
7901,0
7902,0
7903,0
7904,1
7905,0
7906,0
7907,0
7908,0
7909,1
7910,1
7911,0
7912,0
7913,1
7914,1
7915,0
7916,0
7917,1
7918,1
7919,1
7920,1
7921,0
7922,1
7923,1
7924,0
7925,0
7926,1
7927,1
7928,1
7929,1
7930,1
7931,1
7932,1
7933,1
7934,1
7935,1
7936,1
7937,1
7938,1
7939,0
7940,1
7941,0
7942,0
7943,0
7944,1
7945,0
7946,1
7947,0
7948,1
7949,0
7950,1
7951,0
7952,0
7953,0
7954,0
7955,0
7956,0
7957,0
7958,0
7959,0
7960,0
7961,0
7962,0
7963,1
7964,0
7965,0
7966,0
7967,0
7968,0
7969,1
7970,1
7971,1
7972,1
7973,1
7974,0
7975,0
7976,0
7977,0
7978,1
7979,0
7980,1
7981,1
7982,0
7983,1
7984,1
7985,0
7986,1
7987,0
7988,0
7989,0
7990,0
7991,1
7992,1
7993,1
7994,1
7995,0
7996,0
7997,0
7998,1
7999,0
8000,1
8001,1
8002,0
8003,0
8004,1
8005,0
8006,1
8007,1
8008,1
8009,1
8010,0
8011,0
8012,1
8013,0
8014,0
8015,0
8016,1
8017,1
8018,0
8019,1
8020,0
8021,0
8022,0
8023,1
8024,0
8025,0
8026,0
8027,0
8028,1
8029,0
8030,1
8031,1
8032,1
8033,0
8034,0
8035,0
8036,1
8037,0
8038,1
8039,1
8040,0
8041,0
8042,1
8043,1
8044,0
8045,1
8046,1
8047,0
8048,0
8049,0
8050,1
8051,0
8052,0
8053,0
8054,0
8055,1
8056,1
8057,0
8058,1
8059,0
8060,0
8061,1
8062,1
8063,1
8064,0
8065,1
8066,0
8067,0
8068,1
8069,0
8070,0
8071,0
8072,0
8073,0
8074,1
8075,0
8076,1
8077,1
8078,0
8079,0
8080,1
8081,0
8082,1
8083,1
8084,1
8085,1
8086,0
8087,0
8088,0
8089,0
8090,1
8091,0
8092,0
8093,1
8094,0
8095,1
8096,0
8097,1
8098,1
8099,0
8100,0
8101,0
8102,0
8103,1
8104,1
8105,0
8106,0
8107,1
8108,1
8109,1
8110,0
8111,1
8112,1
8113,0
8114,0
8115,0
8116,0
8117,1
8118,0
8119,0
8120,0
8121,0
8122,0
8123,0
8124,0
8125,1
8126,1
8127,0
8128,1
8129,1
8130,0
8131,0
8132,1
8133,0
8134,0
8135,1
8136,0
8137,0
8138,0
8139,0
8140,0
8141,1
8142,0
8143,0
8144,1
8145,1
8146,1
8147,0
8148,1
8149,0
8150,0
8151,1
8152,0
8153,0
8154,1
8155,0
8156,1
8157,1
8158,1
8159,1
8160,1
8161,1
8162,1
8163,0
8164,1
8165,0
8166,0
8167,0
8168,0
8169,0
8170,0
8171,0
8172,0
8173,0
8174,0
8175,1
8176,0
8177,0
8178,1
8179,1
8180,1
8181,0
8182,1
8183,1
8184,1
8185,1
8186,0
8187,1
8188,0
8189,0
8190,0
8191,0
8192,0
8193,1
8194,1
8195,0
8196,1
8197,1
8198,1
8199,0
8200,0
8201,0
8202,0
8203,0
8204,1
8205,0
8206,1
8207,1
8208,1
8209,1
8210,1
8211,1
8212,0
8213,0
8214,0
8215,1
8216,0
8217,0
8218,1
8219,0
8220,0
8221,1
8222,0
8223,0
8224,0
8225,0
8226,1
8227,1
8228,0
8229,0
8230,0
8231,0
8232,1
8233,0
8234,0
8235,0
8236,0
8237,0
8238,1
8239,0
8240,0
8241,1
8242,0
8243,0
8244,1
8245,0
8246,1
8247,1
8248,1
8249,0
8250,1
8251,0
8252,1
8253,1
8254,0
8255,0
8256,0
8257,0
8258,0
8259,0
8260,1
8261,0
8262,1
8263,1
8264,0
8265,0
8266,0
8267,1
8268,0
8269,0
8270,1
8271,0
8272,1
8273,0
8274,0
8275,1
8276,0
8277,0
8278,0
8279,1
8280,1
8281,0
8282,0
8283,1
8284,0
8285,0
8286,1
8287,0
8288,0
8289,0
8290,1
8291,0
8292,1
8293,0
8294,0
8295,1
8296,0
8297,0
8298,0
8299,0
8300,0
8301,1
8302,1
8303,0
8304,1
8305,0
8306,0
8307,0
8308,1
8309,0
8310,0
8311,1
8312,1
8313,1
8314,1
8315,0
8316,0
8317,0
8318,1
8319,0
8320,0
8321,0
8322,1
8323,1
8324,1
8325,1
8326,1
8327,0
8328,1
8329,1
8330,1
8331,0
8332,0
8333,1
8334,1
8335,1
8336,0
8337,0
8338,1
8339,1
8340,1
8341,1
8342,1
8343,0
8344,0
8345,0
8346,0
8347,0
8348,0
8349,1
8350,0
8351,1
8352,1
8353,0
8354,0
8355,0
8356,1
8357,0
8358,0
8359,1
8360,0
8361,0
8362,1
8363,0
8364,0
8365,0
8366,0
8367,0
8368,1
8369,1
8370,1
8371,1
8372,0
8373,1
8374,0
8375,0
8376,0
8377,1
8378,0
8379,1
8380,1
8381,0
8382,0
8383,0
8384,0
8385,0
8386,0
8387,1
8388,0
8389,0
8390,0
8391,0
8392,0
8393,1
8394,0
8395,0
8396,1
8397,0
8398,0
8399,1
8400,0
8401,0
8402,1
8403,0
8404,1
8405,0
8406,1
8407,0
8408,0
8409,0
8410,0
8411,1
8412,1
8413,0
8414,0
8415,0
8416,1
8417,0
8418,0
8419,0
8420,0
8421,1
8422,0
8423,0
8424,0
8425,0
8426,0
8427,0
8428,1
8429,0
8430,1
8431,0
8432,0
8433,1
8434,1
8435,0
8436,1
8437,0
8438,0
8439,1
8440,1
8441,0
8442,0
8443,1
8444,0
8445,1
8446,0
8447,0
8448,0
8449,0
8450,0
8451,1
8452,0
8453,1
8454,1
8455,1
8456,1
8457,0
8458,0
8459,0
8460,1
8461,1
8462,0
8463,0
8464,1
8465,0
8466,0
8467,0
8468,0
8469,0
8470,1
8471,1
8472,0
8473,0
8474,0
8475,0
8476,1
8477,1
8478,0
8479,0
8480,0
8481,0
8482,1
8483,0
8484,0
8485,0
8486,1
8487,1
8488,0
8489,1
8490,0
8491,0
8492,1
8493,0
8494,0
8495,0
8496,1
8497,1
8498,0
8499,1
8500,0
8501,1
8502,0
8503,0
8504,1
8505,1
8506,1
8507,0
8508,0
8509,0
8510,0
8511,0
8512,0
8513,1
8514,1
8515,1
8516,1
8517,0
8518,0
8519,1
8520,1
8521,0
8522,0
8523,1
8524,1
8525,1
8526,1
8527,0
8528,1
8529,0
8530,0
8531,1
8532,0
8533,1
8534,1
8535,1
8536,0
8537,0
8538,1
8539,1
8540,1
8541,1
8542,1
8543,1
8544,0
8545,0
8546,0
8547,1
8548,1
8549,1
8550,1
8551,0
8552,1
8553,0
8554,0
8555,1
8556,0
8557,1
8558,1
8559,1
8560,1
8561,1
8562,0
8563,0
8564,0
8565,0
8566,0
8567,1
8568,0
8569,0
8570,0
8571,0
8572,1
8573,0
8574,1
8575,0
8576,1
8577,0
8578,0
8579,0
8580,0
8581,1
8582,1
8583,1
8584,0
8585,0
8586,0
8587,1
8588,0
8589,1
8590,1
8591,0
8592,0
8593,0
8594,0
8595,1
8596,0
8597,1
8598,0
8599,1
8600,1
8601,1
8602,0
8603,0
8604,1
8605,0
8606,1
8607,0
8608,0
8609,1
8610,0
8611,1
8612,1
8613,1
8614,0
8615,0
8616,0
8617,0
8618,1
8619,1
8620,0
8621,0
8622,1
8623,0
8624,1
8625,0
8626,1
8627,0
8628,1
8629,0
8630,0
8631,0
8632,1
8633,0
8634,1
8635,1
8636,1
8637,1
8638,0
8639,0
8640,0
8641,1
8642,0
8643,0
8644,1
8645,1
8646,0
8647,1
8648,0
8649,0
8650,0
8651,1
8652,0
8653,1
8654,1
8655,0
8656,0
8657,0
8658,0
8659,0
8660,0
8661,1
8662,0
8663,0
8664,0
8665,0
8666,0
8667,1
8668,0
8669,0
8670,0
8671,1
8672,0
8673,1
8674,1
8675,0
8676,1
8677,1
8678,1
8679,0
8680,1
8681,1
8682,1
8683,0
8684,0
8685,0
8686,0
8687,0
8688,0
8689,0
8690,1
8691,0
8692,1
8693,0
8694,1
8695,1
8696,0
8697,0
8698,1
8699,1
8700,1
8701,1
8702,1
8703,0
8704,0
8705,1
8706,0
8707,1
8708,0
8709,1
8710,1
8711,1
8712,1
8713,1
8714,0
8715,0
8716,1
8717,0
8718,0
8719,1
8720,1
8721,1
8722,0
8723,1
8724,1
8725,0
8726,1
8727,0
8728,1
8729,1
8730,1
8731,0
8732,0
8733,1
8734,0
8735,0
8736,0
8737,0
8738,0
8739,1
8740,1
8741,1
8742,1
8743,0
8744,0
8745,1
8746,0
8747,0
8748,0
8749,0
8750,0
8751,0
8752,0
8753,0
8754,0
8755,1
8756,1
8757,1
8758,0
8759,1
8760,0
8761,0
8762,1
8763,1
8764,1
8765,0
8766,1
8767,0
8768,0
8769,0
8770,1
8771,1
8772,1
8773,1
8774,0
8775,0
8776,1
8777,0
8778,0
8779,1
8780,0
8781,0
8782,1
8783,1
8784,0
8785,1
8786,1
8787,1
8788,1
8789,1
8790,0
8791,0
8792,0
8793,1
8794,0
8795,1
8796,1
8797,1
8798,1
8799,0
8800,1
8801,0
8802,0
8803,0
8804,0
8805,1
8806,1
8807,1
8808,0
8809,1
8810,1
8811,0
8812,1
8813,1
8814,0
8815,0
8816,1
8817,1
8818,0
8819,0
8820,1
8821,1
8822,0
8823,0
8824,1
8825,0
8826,0
8827,1
8828,0
8829,1
8830,0
8831,0
8832,0
8833,0
8834,0
8835,0
8836,0
8837,1
8838,0
8839,0
8840,0
8841,0
8842,0
8843,0
8844,1
8845,1
8846,0
8847,0
8848,0
8849,0
8850,1
8851,1
8852,0
8853,1
8854,0
8855,1
8856,1
8857,0
8858,1
8859,1
8860,1
8861,1
8862,1
8863,1
8864,1
8865,0
8866,0
8867,0
8868,1
8869,1
8870,0
8871,1
8872,1
8873,0
8874,0
8875,0
8876,1
8877,1
8878,0
8879,1
8880,0
8881,0
8882,0
8883,0
8884,0
8885,0
8886,0
8887,0
8888,1
8889,0
8890,0
8891,0
8892,1
8893,1
8894,0
8895,0
8896,0
8897,1
8898,1
8899,0
8900,1
8901,0
8902,1
8903,1
8904,0
8905,0
8906,1
8907,1
8908,0
8909,0
8910,0
8911,1
8912,0
8913,0
8914,1
8915,1
8916,1
8917,1
8918,1
8919,0
8920,1
8921,0
8922,1
8923,0
8924,1
8925,0
8926,0
8927,1
8928,1
8929,1
8930,1
8931,0
8932,1
8933,0
8934,0
8935,1
8936,1
8937,0
8938,1
8939,0
8940,0
8941,1
8942,0
8943,1
8944,1
8945,0
8946,1
8947,1
8948,1
8949,0
8950,0
8951,0
8952,1
8953,1
8954,0
8955,0
8956,0
8957,1
8958,1
8959,0
8960,0
8961,1
8962,0
8963,1
8964,1
8965,0
8966,1
8967,1
8968,0
8969,1
8970,0
8971,0
8972,1
8973,0
8974,1
8975,0
8976,1
8977,0
8978,0
8979,0
8980,0
8981,1
8982,0
8983,0
8984,0
8985,0
8986,0
8987,1
8988,0
8989,1
8990,1
8991,0
8992,1
8993,1
8994,0
8995,0
8996,0
8997,0
8998,1
8999,1
9000,0
9001,1
9002,0
9003,1
9004,0
9005,0
9006,1
9007,1
9008,0
9009,0
9010,1
9011,0
9012,1
9013,1
9014,0
9015,0
9016,1
9017,0
9018,0
9019,0
9020,0
9021,1
9022,0
9023,0
9024,1
9025,0
9026,0
9027,0
9028,0
9029,1
9030,1
9031,0
9032,1
9033,0
9034,0
9035,0
9036,0
9037,1
9038,1
9039,0
9040,1
9041,0
9042,0
9043,1
9044,0
9045,1
9046,0
9047,1
9048,0
9049,1
9050,1
9051,0
9052,1
9053,0
9054,1
9055,0
9056,0
9057,1
9058,0
9059,0
9060,1
9061,0
9062,0
9063,1
9064,1
9065,1
9066,0
9067,1
9068,0
9069,0
9070,0
9071,0
9072,1
9073,1
9074,0
9075,0
9076,1
9077,0
9078,0
9079,0
9080,1
9081,0
9082,1
9083,1
9084,1
9085,0
9086,1
9087,1
9088,0
9089,0
9090,1
9091,0
9092,0
9093,1
9094,1
9095,0
9096,0
9097,1
9098,0
9099,1
9100,0
9101,1
9102,0
9103,1
9104,1
9105,1
9106,0
9107,0
9108,0
9109,1
9110,0
9111,1
9112,0
9113,0
9114,0
9115,1
9116,0
9117,0
9118,1
9119,0
9120,0
9121,0
9122,0
9123,1
9124,0
9125,0
9126,1
9127,0
9128,0
9129,0
9130,0
9131,1
9132,0
9133,0
9134,1
9135,1
9136,0
9137,0
9138,1
9139,0
9140,0
9141,0
9142,0
9143,0
9144,0
9145,1
9146,0
9147,1
9148,0
9149,0
9150,0
9151,0
9152,1
9153,0
9154,0
9155,0
9156,1
9157,1
9158,1
9159,0
9160,1
9161,0
9162,1
9163,0
9164,0
9165,0
9166,0
9167,1
9168,1
9169,0
9170,1
9171,0
9172,1
9173,1
9174,1
9175,0
9176,1
9177,1
9178,0
9179,0
9180,0
9181,0
9182,0
9183,0
9184,1
9185,1
9186,1
9187,0
9188,0
9189,0
9190,0
9191,0
9192,1
9193,0
9194,0
9195,1
9196,1
9197,0
9198,1
9199,0
9200,1
9201,0
9202,1
9203,0
9204,1
9205,0
9206,0
9207,0
9208,0
9209,1
9210,0
9211,1
9212,0
9213,1
9214,1
9215,1
9216,1
9217,1
9218,0
9219,1
9220,0
9221,1
9222,1
9223,0
9224,1
9225,0
9226,0
9227,1
9228,0
9229,1
9230,0
9231,0
9232,1
9233,0
9234,0
9235,0
9236,0
9237,1
9238,0
9239,1
9240,0
9241,0
9242,1
9243,0
9244,1
9245,1
9246,0
9247,0
9248,1
9249,0
9250,0
9251,0
9252,0
9253,0
9254,0
9255,1
9256,0
9257,1
9258,1
9259,0
9260,1
9261,1
9262,0
9263,0
9264,0
9265,0
9266,1
9267,0
9268,1
9269,0
9270,1
9271,0
9272,1
9273,0
9274,1
9275,0
9276,0
9277,1
9278,1
9279,0
9280,0
9281,1
9282,0
9283,1
9284,1
9285,0
9286,1
9287,1
9288,0
9289,0
9290,0
9291,1
9292,0
9293,1
9294,1
9295,1
9296,0
9297,0
9298,1
9299,0
9300,0
9301,1
9302,1
9303,1
9304,0
9305,0
9306,1
9307,1
9308,0
9309,1
9310,0
9311,1
9312,0
9313,0
9314,1
9315,0
9316,0
9317,0
9318,1
9319,1
9320,0
9321,1
9322,0
9323,1
9324,0
9325,1
9326,0
9327,0
9328,1
9329,1
9330,0
9331,1
9332,0
9333,0
9334,0
9335,0
9336,1
9337,0
9338,1
9339,0
9340,0
9341,0
9342,0
9343,1
9344,0
9345,0
9346,0
9347,0
9348,1
9349,0
9350,0
9351,0
9352,1
9353,0
9354,1
9355,1
9356,1
9357,1
9358,0
9359,1
9360,0
9361,0
9362,1
9363,0
9364,1
9365,0
9366,1
9367,1
9368,0
9369,1
9370,1
9371,1
9372,0
9373,0
9374,1
9375,1
9376,1
9377,0
9378,0
9379,0
9380,0
9381,1
9382,1
9383,0
9384,1
9385,1
9386,0
9387,0
9388,1
9389,1
9390,1
9391,1
9392,1
9393,0
9394,0
9395,1
9396,1
9397,1
9398,0
9399,1
9400,1
9401,0
9402,0
9403,1
9404,1
9405,0
9406,0
9407,1
9408,1
9409,0
9410,0
9411,0
9412,0
9413,1
9414,1
9415,1
9416,1
9417,0
9418,0
9419,0
9420,0
9421,1
9422,1
9423,0
9424,1
9425,0
9426,1
9427,0
9428,0
9429,0
9430,0
9431,1
9432,0
9433,0
9434,1
9435,0
9436,1
9437,0
9438,1
9439,1
9440,0
9441,1
9442,0
9443,1
9444,1
9445,0
9446,0
9447,1
9448,1
9449,0
9450,0
9451,1
9452,0
9453,1
9454,0
9455,0
9456,0
9457,1
9458,1
9459,1
9460,1
9461,1
9462,0
9463,1
9464,0
9465,0
9466,0
9467,0
9468,1
9469,0
9470,0
9471,1
9472,1
9473,0
9474,0
9475,0
9476,0
9477,1
9478,1
9479,1
9480,1
9481,1
9482,1
9483,0
9484,1
9485,1
9486,1
9487,1
9488,1
9489,1
9490,0
9491,0
9492,1
9493,0
9494,0
9495,0
9496,1
9497,0
9498,0
9499,0
9500,0
9501,0
9502,0
9503,1
9504,1
9505,0
9506,1
9507,0
9508,1
9509,0
9510,1
9511,1
9512,0
9513,0
9514,1
9515,1
9516,0
9517,1
9518,0
9519,1
9520,1
9521,0
9522,1
9523,1
9524,1
9525,1
9526,1
9527,0
9528,0
9529,1
9530,0
9531,0
9532,1
9533,0
9534,0
9535,0
9536,1
9537,0
9538,0
9539,0
9540,0
9541,0
9542,1
9543,1
9544,0
9545,1
9546,1
9547,0
9548,0
9549,1
9550,1
9551,0
9552,0
9553,0
9554,0
9555,0
9556,0
9557,0
9558,1
9559,1
9560,0
9561,1
9562,0
9563,1
9564,1
9565,0
9566,0
9567,0
9568,0
9569,1
9570,1
9571,0
9572,0
9573,1
9574,1
9575,1
9576,0
9577,1
9578,0
9579,0
9580,0
9581,1
9582,1
9583,1
9584,0
9585,0
9586,1
9587,0
9588,0
9589,0
9590,0
9591,0
9592,0
9593,1
9594,0
9595,0
9596,1
9597,1
9598,0
9599,0
9600,1
9601,1
9602,1
9603,1
9604,1
9605,1
9606,1
9607,0
9608,1
9609,1
9610,0
9611,1
9612,0
9613,0
9614,0
9615,0
9616,0
9617,1
9618,0
9619,0
9620,0
9621,0
9622,0
9623,0
9624,1
9625,1
9626,1
9627,1
9628,0
9629,1
9630,0
9631,0
9632,1
9633,1
9634,0
9635,1
9636,0
9637,0
9638,1
9639,0
9640,1
9641,0
9642,1
9643,1
9644,1
9645,0
9646,0
9647,1
9648,1
9649,1
9650,0
9651,0
9652,0
9653,0
9654,0
9655,1
9656,0
9657,0
9658,0
9659,0
9660,0
9661,0
9662,0
9663,1
9664,1
9665,1
9666,1
9667,0
9668,0
9669,1
9670,0
9671,0
9672,1
9673,0
9674,0
9675,0
9676,0
9677,0
9678,1
9679,1
9680,0
9681,1
9682,0
9683,0
9684,0
9685,0
9686,0
9687,1
9688,0
9689,1
9690,1
9691,1
9692,0
9693,0
9694,0
9695,0
9696,1
9697,0
9698,0
9699,0
9700,1
9701,0
9702,0
9703,1
9704,0
9705,0
9706,0
9707,0
9708,0
9709,0
9710,0
9711,0
9712,1
9713,1
9714,0
9715,1
9716,0
9717,0
9718,1
9719,0
9720,1
9721,0
9722,1
9723,1
9724,0
9725,0
9726,1
9727,0
9728,0
9729,0
9730,1
9731,0
9732,1
9733,1
9734,1
9735,1
9736,0
9737,0
9738,0
9739,0
9740,1
9741,0
9742,0
9743,0
9744,0
9745,1
9746,0
9747,0
9748,1
9749,0
9750,1
9751,0
9752,0
9753,1
9754,0
9755,1
9756,1
9757,0
9758,0
9759,0
9760,1
9761,1
9762,1
9763,0
9764,1
9765,0
9766,0
9767,1
9768,0
9769,0
9770,0
9771,1
9772,0
9773,0
9774,1
9775,0
9776,0
9777,1
9778,0
9779,0
9780,1
9781,0
9782,0
9783,1
9784,1
9785,1
9786,0
9787,0
9788,0
9789,1
9790,0
9791,1
9792,0
9793,0
9794,0
9795,0
9796,0
9797,0
9798,1
9799,0
9800,0
9801,0
9802,0
9803,0
9804,1
9805,0
9806,0
9807,0
9808,0
9809,1
9810,0
9811,1
9812,1
9813,0
9814,0
9815,0
9816,0
9817,0
9818,1
9819,1
9820,1
9821,1
9822,1
9823,0
9824,1
9825,1
9826,0
9827,1
9828,0
9829,1
9830,0
9831,0
9832,1
9833,0
9834,0
9835,0
9836,1
9837,1
9838,1
9839,0
9840,1
9841,0
9842,0
9843,0
9844,0
9845,0
9846,1
9847,0
9848,0
9849,0
9850,1
9851,0
9852,0
9853,0
9854,0
9855,1
9856,0
9857,1
9858,0
9859,1
9860,1
9861,1
9862,1
9863,1
9864,0
9865,0
9866,0
9867,0
9868,0
9869,0
9870,1
9871,1
9872,0
9873,0
9874,0
9875,0
9876,0
9877,1
9878,1
9879,0
9880,1
9881,0
9882,1
9883,0
9884,1
9885,1
9886,1
9887,0
9888,0
9889,1
9890,0
9891,0
9892,0
9893,0
9894,1
9895,1
9896,0
9897,0
9898,0
9899,1
9900,1
9901,0
9902,0
9903,0
9904,1
9905,0
9906,0
9907,1
9908,0
9909,0
9910,0
9911,0
9912,0
9913,1
9914,0
9915,0
9916,0
9917,1
9918,1
9919,1
9920,1
9921,1
9922,1
9923,1
9924,0
9925,0
9926,0
9927,0
9928,0
9929,1
9930,0
9931,1
9932,1
9933,0
9934,0
9935,0
9936,0
9937,0
9938,1
9939,1
9940,1
9941,0
9942,0
9943,0
9944,1
9945,1
9946,0
9947,0
9948,0
9949,1
9950,1
9951,0
9952,0
9953,1
9954,0
9955,0
9956,0
9957,1
9958,0
9959,0
9960,1
9961,0
9962,0
9963,1
9964,1
9965,0
9966,1
9967,0
9968,0
9969,0
9970,0
9971,1
9972,0
9973,1
9974,0
9975,1
9976,0
9977,1
9978,0
9979,0
9980,0
9981,0
9982,0
9983,1
9984,0
9985,1
9986,0
9987,0
9988,0
9989,0
9990,0
9991,0
9992,0
9993,0
9994,1
9995,1
9996,0
9997,0
9998,0
9999,1
10000,0
10001,1
10002,0
10003,0
10004,0
10005,0
10006,1
10007,0
10008,0
10009,0
10010,1
10011,1
10012,1
10013,0
10014,1
10015,1
10016,0
10017,1
10018,1
10019,0
10020,0
10021,0
10022,1
10023,0
10024,0
10025,1
10026,1
10027,0
10028,0
10029,1
10030,1
10031,0
10032,0
10033,0
10034,0
10035,0
10036,0
10037,0
10038,0
10039,0
10040,1
10041,1
10042,0
10043,0
10044,0
10045,0
10046,0
10047,1
10048,0
10049,0
10050,0
10051,0
10052,0
10053,0
10054,0
10055,0
10056,0
10057,0
10058,1
10059,0
10060,0
10061,0
10062,0
10063,1
10064,0
10065,1
10066,1
10067,1
10068,1
10069,1
10070,0
10071,0
10072,1
10073,1
10074,1
10075,1
10076,0
10077,0
10078,0
10079,0
10080,0
10081,0
10082,0
10083,1
10084,0
10085,1
10086,0
10087,0
10088,1
10089,0
10090,0
10091,0
10092,0
10093,0
10094,0
10095,0
10096,1
10097,1
10098,0
10099,1
10100,0
10101,1
10102,0
10103,1
10104,0
10105,0
10106,0
10107,0
10108,0
10109,0
10110,1
10111,0
10112,0
10113,0
10114,0
10115,0
10116,0
10117,0
10118,0
10119,1
10120,0
10121,0
10122,1
10123,0
10124,1
10125,1
10126,0
10127,0
10128,0
10129,0
10130,0
10131,0
10132,0
10133,1
10134,1
10135,1
10136,1
10137,0
10138,0
10139,0
10140,1
10141,0
10142,0
10143,0
10144,1
10145,0
10146,1
10147,1
10148,0
10149,0
10150,0
10151,0
10152,1
10153,0
10154,0
10155,1
10156,0
10157,0
10158,1
10159,0
10160,0
10161,0
10162,0
10163,0
10164,0
10165,0
10166,0
10167,1
10168,0
10169,0
10170,0
10171,0
10172,0
10173,1
10174,0
10175,0
10176,1
10177,1
10178,0
10179,1
10180,0
10181,1
10182,0
10183,0
10184,0
10185,0
10186,0
10187,1
10188,1
10189,1
10190,1
10191,0
10192,1
10193,1
10194,0
10195,0
10196,0
10197,1
10198,0
10199,0
10200,0
10201,0
10202,1
10203,1
10204,0
10205,0
10206,0
10207,0
10208,0
10209,0
10210,0
10211,0
10212,0
10213,1
10214,0
10215,1
10216,0
10217,0
10218,0
10219,0
10220,0
10221,0
10222,1
10223,0
10224,1
10225,0
10226,0
10227,0
10228,1
10229,0
10230,1
10231,0
10232,1
10233,0
10234,0
10235,1
10236,0
10237,0
10238,0
10239,0
10240,0
10241,1
10242,0
10243,1
10244,1
10245,1
10246,0
10247,0
10248,0
10249,0
10250,1
10251,1
10252,0
10253,0
10254,0
10255,0
10256,0
10257,0
10258,1
10259,0
10260,0
10261,0
10262,1
10263,1
10264,0
10265,1
10266,1
10267,0
10268,0
10269,0
10270,0
10271,0
10272,1
10273,1
10274,1
10275,0
10276,0
10277,0
10278,1
10279,1
10280,1
10281,1
10282,0
10283,0
10284,1
10285,0
10286,1
10287,1
10288,1
10289,1
10290,0
10291,0
10292,0
10293,1
10294,1
10295,0
10296,0
10297,1
10298,0
10299,0
10300,0
10301,1
10302,1
10303,1
10304,0
10305,1
10306,0
10307,0
10308,1
10309,1
10310,1
10311,1
10312,1
10313,0
10314,0
10315,1
10316,1
10317,0
10318,1
10319,1
10320,1
10321,0
10322,0
10323,1
10324,0
10325,0
10326,0
10327,0
10328,0
10329,0
10330,0
10331,0
10332,0
10333,0
10334,1
10335,1
10336,0
10337,1
10338,0
10339,0
10340,1
10341,0
10342,0
10343,0
10344,1
10345,1
10346,1
10347,0
10348,1
10349,0
10350,1
10351,1
10352,1
10353,1
10354,0
10355,0
10356,0
10357,0
10358,0
10359,0
10360,0
10361,0
10362,1
10363,1
10364,0
10365,0
10366,0
10367,0
10368,0
10369,1
10370,0
10371,0
10372,1
10373,0
10374,0
10375,1
10376,0
10377,0
10378,0
10379,1
10380,1
10381,0
10382,0
10383,1
10384,1
10385,0
10386,1
10387,0
10388,0
10389,0
10390,0
10391,1
10392,0
10393,0
10394,0
10395,0
10396,1
10397,0
10398,0
10399,0
10400,0
10401,1
10402,0
10403,0
10404,0
10405,0
10406,1
10407,0
10408,1
10409,1
10410,0
10411,1
10412,1
10413,1
10414,1
10415,0
10416,1
10417,1
10418,1
10419,1
10420,0
10421,0
10422,1
10423,0
10424,0
10425,1
10426,0
10427,1
10428,0
10429,1
10430,0
10431,0
10432,0
10433,0
10434,0
10435,1
10436,0
10437,0
10438,0
10439,1
10440,0
10441,1
10442,0
10443,0
10444,0
10445,0
10446,1
10447,0
10448,0
10449,1
10450,0
10451,0
10452,1
10453,0
10454,1
10455,1
10456,0
10457,0
10458,0
10459,1
10460,0
10461,0
10462,0
10463,1
10464,0
10465,0
10466,1
10467,0
10468,0
10469,1
10470,0
10471,0
10472,0
10473,0
10474,1
10475,1
10476,1
10477,1
10478,0
10479,1
10480,1
10481,1
10482,0
10483,1
10484,0
10485,1
10486,1
10487,0
10488,0
10489,0
10490,1
10491,0
10492,0
10493,1
10494,0
10495,1
10496,1
10497,1
10498,0
10499,0
10500,0
10501,1
10502,1
10503,1
10504,1
10505,0
10506,0
10507,0
10508,1
10509,1
10510,0
10511,1
10512,0
10513,1
10514,1
10515,0
10516,0
10517,0
10518,0
10519,0
10520,0
10521,0
10522,1
10523,0
10524,1
10525,0
10526,0
10527,1
10528,0
10529,0
10530,1
10531,1
10532,0
10533,1
10534,0
10535,1
10536,1
10537,1
10538,0
10539,0
10540,0
10541,0
10542,0
10543,0
10544,0
10545,0
10546,0
10547,1
10548,0
10549,1
10550,0
10551,0
10552,0
10553,0
10554,0
10555,1
10556,0
10557,1
10558,0
10559,1
10560,1
10561,0
10562,0
10563,0
10564,1
10565,0
10566,0
10567,0
10568,0
10569,0
10570,0
10571,0
10572,1
10573,0
10574,0
10575,0
10576,1
10577,1
10578,0
10579,1
10580,1
10581,1
10582,1
10583,0
10584,1
10585,0
10586,0
10587,1
10588,1
10589,1
10590,1
10591,1
10592,0
10593,1
10594,1
10595,0
10596,1
10597,0
10598,1
10599,0
10600,0
10601,0
10602,0
10603,1
10604,1
10605,1
10606,1
10607,1
10608,0
10609,1
10610,0
10611,0
10612,1
10613,0
10614,0
10615,1
10616,0
10617,1
10618,0
10619,0
10620,1
10621,1
10622,0
10623,0
10624,0
10625,1
10626,0
10627,1
10628,1
10629,1
10630,1
10631,0
10632,1
10633,0
10634,1
10635,0
10636,0
10637,1
10638,0
10639,1
10640,0
10641,0
10642,0
10643,1
10644,0
10645,0
10646,1
10647,1
10648,1
10649,0
10650,1
10651,0
10652,0
10653,1
10654,0
10655,0
10656,0
10657,0
10658,0
10659,0
10660,1
10661,0
10662,0
10663,0
10664,1
10665,0
10666,0
10667,0
10668,0
10669,0
10670,1
10671,1
10672,1
10673,1
10674,0
10675,1
10676,0
10677,0
10678,1
10679,0
10680,1
10681,1
10682,1
10683,0
10684,1
10685,1
10686,1
10687,0
10688,1
10689,0
10690,1
10691,1
10692,0
10693,0
10694,0
10695,0
10696,1
10697,0
10698,0
10699,1
10700,1
10701,0
10702,0
10703,1
10704,1
10705,0
10706,1
10707,1
10708,1
10709,1
10710,1
10711,0
10712,1
10713,0
10714,1
10715,0
10716,0
10717,0
10718,0
10719,1
10720,1
10721,0
10722,0
10723,1
10724,1
10725,1
10726,1
10727,0
10728,1
10729,1
10730,1
10731,0
10732,0
10733,1
10734,0
10735,0
10736,1
10737,0
10738,1
10739,0
10740,0
10741,1
10742,0
10743,0
10744,0
10745,0
10746,0
10747,0
10748,0
10749,1
10750,0
10751,0
10752,0
10753,0
10754,1
10755,0
10756,1
10757,0
10758,0
10759,1
10760,1
10761,0
10762,0
10763,0
10764,1
10765,0
10766,0
10767,1
10768,1
10769,0
10770,1
10771,1
10772,1
10773,0
10774,1
10775,0
10776,1
10777,0
10778,0
10779,1
10780,0
10781,0
10782,0
10783,1
10784,1
10785,1
10786,1
10787,0
10788,0
10789,1
10790,0
10791,1
10792,0
10793,1
10794,0
10795,1
10796,0
10797,0
10798,1
10799,1
10800,1
10801,0
10802,1
10803,0
10804,0
10805,1
10806,0
10807,1
10808,1
10809,0
10810,1
10811,0
10812,1
10813,1
10814,0
10815,0
10816,0
10817,0
10818,0
10819,0
10820,1
10821,1
10822,1
10823,1
10824,1
10825,1
10826,1
10827,0
10828,1
10829,0
10830,1
10831,1
10832,1
10833,0
10834,1
10835,0
10836,1
10837,1
10838,0
10839,1
10840,0
10841,1
10842,0
10843,0
10844,0
10845,1
10846,0
10847,0
10848,0
10849,1
10850,1
10851,0
10852,0
10853,1
10854,1
10855,0
10856,1
10857,0
10858,0
10859,1
10860,0
10861,0
10862,1
10863,1
10864,0
10865,0
10866,0
10867,0
10868,0
10869,1
10870,1
10871,1
10872,0
10873,0
10874,1
10875,1
10876,0
10877,0
10878,0
10879,1
10880,1
10881,0
10882,1
10883,0
10884,1
10885,0
10886,1
10887,0
10888,1
10889,0
10890,1
10891,1
10892,0
10893,1
10894,0
10895,0
10896,0
10897,0
10898,1
10899,0
10900,1
10901,0
10902,1
10903,1
10904,1
10905,0
10906,0
10907,1
10908,0
10909,1
10910,0
10911,1
10912,0
10913,0
10914,1
10915,1
10916,1
10917,0
10918,0
10919,0
10920,0
10921,0
10922,0
10923,1
10924,1
10925,0
10926,0
10927,0
10928,0
10929,1
10930,0
10931,1
10932,0
10933,0
10934,1
10935,0
10936,1
10937,0
10938,1
10939,1
10940,0
10941,0
10942,0
10943,0
10944,0
10945,1
10946,1
10947,0
10948,0
10949,1
10950,0
10951,0
10952,0
10953,1
10954,0
10955,0
10956,0
10957,1
10958,1
10959,0
10960,0
10961,0
10962,1
10963,1
10964,0
10965,0
10966,1
10967,1
10968,0
10969,1
10970,0
10971,0
10972,0
10973,0
10974,0
10975,0
10976,0
10977,0
10978,1
10979,0
10980,0
10981,0
10982,1
10983,1
10984,0
10985,0
10986,0
10987,1
10988,0
10989,1
10990,1
10991,0
10992,0
10993,0
10994,0
10995,1
10996,0
10997,1
10998,1
10999,0
11000,0
11001,0
11002,1
11003,0
11004,1
11005,0
11006,0
11007,1
11008,1
11009,0
11010,1
11011,1
11012,0
11013,0
11014,1
11015,0
11016,1
11017,0
11018,0
11019,0
11020,1
11021,0
11022,0
11023,1
11024,0
11025,0
11026,0
11027,1
11028,1
11029,0
11030,0
11031,0
11032,1
11033,0
11034,1
11035,0
11036,1
11037,0
11038,0
11039,0
11040,1
11041,1
11042,1
11043,0
11044,0
11045,1
11046,1
11047,0
11048,1
11049,0
11050,0
11051,0
11052,0
11053,1
11054,0
11055,0
11056,1
11057,1
11058,0
11059,1
11060,0
11061,0
11062,0
11063,0
11064,0
11065,1
11066,1
11067,0
11068,1
11069,0
11070,0
11071,0
11072,1
11073,0
11074,0
11075,0
11076,0
11077,0
11078,1
11079,1
11080,1
11081,1
11082,0
11083,0
11084,1
11085,0
11086,1
11087,0
11088,0
11089,1
11090,0
11091,0
11092,0
11093,1
11094,0
11095,0
11096,1
11097,0
11098,1
11099,1
11100,1
11101,0
11102,0
11103,1
11104,0
11105,0
11106,1
11107,0
11108,0
11109,0
11110,0
11111,1
11112,0
11113,0
11114,1
11115,0
11116,0
11117,1
11118,0
11119,0
11120,1
11121,0
11122,0
11123,0
11124,0
11125,0
11126,1
11127,0
11128,0
11129,0
11130,1
11131,0
11132,0
11133,1
11134,1
11135,0
11136,1
11137,1
11138,1
11139,0
11140,0
11141,1
11142,1
11143,0
11144,0
11145,1
11146,0
11147,0
11148,0
11149,0
11150,1
11151,1
11152,0
11153,1
11154,0
11155,1
11156,1
11157,1
11158,1
11159,0
11160,0
11161,0
11162,0
11163,0
11164,0
11165,1
11166,0
11167,1
11168,0
11169,1
11170,0
11171,0
11172,1
11173,0
11174,1
11175,1
11176,1
11177,1
11178,0
11179,0
11180,1
11181,1
11182,0
11183,0
11184,0
11185,0
11186,0
11187,0
11188,0
11189,0
11190,0
11191,0
11192,0
11193,0
11194,0
11195,0
11196,0
11197,0
11198,0
11199,0
11200,0
11201,1
11202,0
11203,1
11204,0
11205,0
11206,0
11207,1
11208,1
11209,0
11210,1
11211,1
11212,0
11213,1
11214,1
11215,1
11216,1
11217,0
11218,0
11219,0
11220,0
11221,0
11222,1
11223,1
11224,1
11225,0
11226,1
11227,1
11228,0
11229,1
11230,0
11231,1
11232,1
11233,1
11234,0
11235,1
11236,1
11237,0
11238,1
11239,0
11240,0
11241,0
11242,0
11243,0
11244,0
11245,0
11246,0
11247,1
11248,1
11249,1
11250,0
11251,0
11252,0
11253,1
11254,1
11255,0
11256,0
11257,1
11258,0
11259,0
11260,0
11261,1
11262,1
11263,0
11264,1
11265,0
11266,1
11267,1
11268,0
11269,0
11270,0
11271,1
11272,1
11273,1
11274,1
11275,0
11276,0
11277,0
11278,1
11279,0
11280,0
11281,0
11282,1
11283,1
11284,0
11285,1
11286,0
11287,0
11288,1
11289,0
11290,0
11291,1
11292,0
11293,1
11294,0
11295,0
11296,0
11297,1
11298,0
11299,0
11300,1
11301,0
11302,0
11303,1
11304,1
11305,0
11306,0
11307,0
11308,0
11309,1
11310,1
11311,1
11312,0
11313,1
11314,0
11315,0
11316,1
11317,0
11318,0
11319,1
11320,1
11321,0
11322,1
11323,1
11324,1
11325,1
11326,0
11327,0
11328,0
11329,0
11330,0
11331,1
11332,1
11333,1
11334,0
11335,1
11336,1
11337,0
11338,1
11339,0
11340,1
11341,0
11342,0
11343,1
11344,1
11345,0
11346,0
11347,0
11348,0
11349,0
11350,1
11351,0
11352,1
11353,1
11354,0
11355,1
11356,0
11357,0
11358,1
11359,1
11360,1
11361,0
11362,0
11363,0
11364,1
11365,1
11366,1
11367,0
11368,0
11369,0
11370,1
11371,1
11372,0
11373,1
11374,0
11375,0
11376,0
11377,0
11378,0
11379,0
11380,1
11381,1
11382,0
11383,1
11384,0
11385,1
11386,1
11387,1
11388,0
11389,0
11390,0
11391,0
11392,0
11393,0
11394,0
11395,1
11396,1
11397,0
11398,1
11399,1
11400,0
11401,0
11402,1
11403,0
11404,0
11405,0
11406,0
11407,0
11408,0
11409,1
11410,1
11411,0
11412,1
11413,1
11414,0
11415,0
11416,1
11417,0
11418,1
11419,0
11420,0
11421,1
11422,1
11423,1
11424,0
11425,0
11426,0
11427,0
11428,1
11429,1
11430,1
11431,0
11432,1
11433,1
11434,0
11435,1
11436,0
11437,0
11438,0
11439,1
11440,1
11441,0
11442,1
11443,0
11444,1
11445,0
11446,1
11447,0
11448,1
11449,0
11450,0
11451,1
11452,1
11453,1
11454,0
11455,0
11456,0
11457,1
11458,1
11459,1
11460,0
11461,0
11462,0
11463,0
11464,0
11465,0
11466,0
11467,1
11468,0
11469,1
11470,1
11471,0
11472,0
11473,0
11474,1
11475,0
11476,0
11477,0
11478,0
11479,1
11480,0
11481,0
11482,1
11483,1
11484,0
11485,1
11486,0
11487,0
11488,0
11489,0
11490,0
11491,1
11492,1
11493,1
11494,0
11495,1
11496,0
11497,0
11498,1
11499,1
11500,0
11501,0
11502,1
11503,0
11504,1
11505,1
11506,0
11507,1
11508,0
11509,0
11510,1
11511,1
11512,1
11513,0
11514,0
11515,0
11516,1
11517,1
11518,0
11519,1
11520,1
11521,1
11522,0
11523,1
11524,1
11525,0
11526,1
11527,1
11528,0
11529,1
11530,0
11531,1
11532,0
11533,1
11534,1
11535,1
11536,0
11537,1
11538,0
11539,1
11540,0
11541,0
11542,0
11543,1
11544,1
11545,0
11546,1
11547,1
11548,1
11549,0
11550,1
11551,0
11552,0
11553,1
11554,0
11555,1
11556,0
11557,1
11558,1
11559,0
11560,0
11561,0
11562,0
11563,0
11564,1
11565,1
11566,1
11567,0
11568,0
11569,0
11570,0
11571,1
11572,1
11573,0
11574,1
11575,0
11576,0
11577,1
11578,0
11579,0
11580,0
11581,0
11582,1
11583,1
11584,1
11585,0
11586,1
11587,0
11588,0
11589,1
11590,1
11591,0
11592,0
11593,1
11594,1
11595,0
11596,0
11597,1
11598,0
11599,1
11600,1
11601,0
11602,0
11603,1
11604,1
11605,0
11606,0
11607,0
11608,0
11609,1
11610,0
11611,1
11612,0
11613,0
11614,1
11615,1
11616,0
11617,0
11618,1
11619,1
11620,0
11621,1
11622,1
11623,0
11624,0
11625,0
11626,0
11627,0
11628,0
11629,0
11630,0
11631,1
11632,1
11633,0
11634,0
11635,0
11636,1
11637,0
11638,1
11639,0
11640,0
11641,0
11642,0
11643,0
11644,0
11645,0
11646,1
11647,0
11648,0
11649,0
11650,1
11651,0
11652,1
11653,0
11654,0
11655,1
11656,0
11657,0
11658,0
11659,0
11660,1
11661,0
11662,0
11663,1
11664,0
11665,1
11666,1
11667,0
11668,0
11669,0
11670,1
11671,0
11672,0
11673,1
11674,1
11675,1
11676,1
11677,1
11678,0
11679,0
11680,1
11681,1
11682,1
11683,1
11684,0
11685,0
11686,1
11687,0
11688,0
11689,1
11690,1
11691,1
11692,0
11693,0
11694,0
11695,0
11696,0
11697,1
11698,0
11699,1
11700,0
11701,1
11702,1
11703,0
11704,0
11705,0
11706,1
11707,1
11708,0
11709,1
11710,0
11711,0
11712,0
11713,1
11714,1
11715,1
11716,1
11717,0
11718,0
11719,0
11720,1
11721,0
11722,1
11723,0
11724,1
11725,1
11726,0
11727,0
11728,1
11729,1
11730,0
11731,1
11732,1
11733,1
11734,0
11735,0
11736,0
11737,0
11738,0
11739,1
11740,0
11741,1
11742,1
11743,0
11744,0
11745,0
11746,0
11747,0
11748,1
11749,1
11750,0
11751,1
11752,0
11753,0
11754,0
11755,0
11756,1
11757,0
11758,0
11759,1
11760,0
11761,0
11762,0
11763,1
11764,0
11765,0
11766,0
11767,0
11768,0
11769,0
11770,1
11771,0
11772,1
11773,0
11774,0
11775,0
11776,0
11777,0
11778,0
11779,0
11780,0
11781,1
11782,0
11783,1
11784,1
11785,1
11786,1
11787,0
11788,0
11789,0
11790,0
11791,1
11792,0
11793,1
11794,0
11795,0
11796,0
11797,0
11798,1
11799,0
11800,0
11801,1
11802,0
11803,0
11804,0
11805,0
11806,0
11807,0
11808,0
11809,0
11810,1
11811,0
11812,1
11813,0
11814,1
11815,1
11816,0
11817,0
11818,1
11819,1
11820,0
11821,1
11822,1
11823,0
11824,0
11825,0
11826,0
11827,0
11828,1
11829,1
11830,0
11831,0
11832,1
11833,0
11834,0
11835,1
11836,0
11837,1
11838,0
11839,0
11840,1
11841,0
11842,1
11843,1
11844,1
11845,1
11846,0
11847,0
11848,0
11849,0
11850,0
11851,1
11852,1
11853,1
11854,1
11855,0
11856,0
11857,1
11858,1
11859,0
11860,0
11861,1
11862,1
11863,1
11864,0
11865,1
11866,1
11867,0
11868,0
11869,0
11870,1
11871,1
11872,1
11873,0
11874,1
11875,0
11876,1
11877,0
11878,0
11879,1
11880,0
11881,1
11882,1
11883,0
11884,0
11885,1
11886,0
11887,0
11888,1
11889,0
11890,1
11891,0
11892,0
11893,1
11894,0
11895,1
11896,1
11897,0
11898,0
11899,0
11900,1
11901,0
11902,0
11903,1
11904,1
11905,0
11906,0
11907,0
11908,0
11909,0
11910,0
11911,0
11912,0
11913,1
11914,1
11915,0
11916,0
11917,0
11918,1
11919,0
11920,0
11921,1
11922,0
11923,0
11924,0
11925,1
11926,1
11927,0
11928,1
11929,1
11930,1
11931,0
11932,1
11933,1
11934,0
11935,0
11936,1
11937,1
11938,1
11939,1
11940,1
11941,0
11942,1
11943,1
11944,0
11945,0
11946,1
11947,0
11948,1
11949,1
11950,1
11951,0
11952,0
11953,0
11954,0
11955,0
11956,0
11957,1
11958,0
11959,0
11960,0
11961,1
11962,1
11963,1
11964,0
11965,0
11966,0
11967,0
11968,0
11969,1
11970,1
11971,0
11972,1
11973,1
11974,1
11975,0
11976,0
11977,0
11978,1
11979,0
11980,1
11981,1
11982,0
11983,1
11984,0
11985,0
11986,0
11987,1
11988,0
11989,1
11990,1
11991,0
11992,0
11993,0
11994,0
11995,1
11996,1
11997,1
11998,1
11999,0
12000,0
12001,0
12002,0
12003,0
12004,1
12005,1
12006,1
12007,0
12008,1
12009,1
12010,1
12011,1
12012,0
12013,1
12014,0
12015,0
12016,1
12017,1
12018,0
12019,0
12020,0
12021,1
12022,1
12023,1
12024,0
12025,1
12026,1
12027,1
12028,1
12029,0
12030,0
12031,1
12032,1
12033,0
12034,0
12035,0
12036,1
12037,1
12038,1
12039,0
12040,0
12041,0
12042,0
12043,0
12044,1
12045,1
12046,1
12047,0
12048,1
12049,1
12050,0
12051,0
12052,0
12053,1
12054,0
12055,0
12056,1
12057,1
12058,1
12059,0
12060,1
12061,0
12062,1
12063,0
12064,1
12065,1
12066,1
12067,0
12068,0
12069,1
12070,1
12071,0
12072,0
12073,0
12074,1
12075,0
12076,0
12077,1
12078,0
12079,1
12080,0
12081,1
12082,0
12083,1
12084,0
12085,0
12086,1
12087,0
12088,0
12089,0
12090,1
12091,0
12092,0
12093,0
12094,0
12095,0
12096,0
12097,1
12098,1
12099,0
12100,0
12101,0
12102,0
12103,1
12104,1
12105,0
12106,1
12107,0
12108,0
12109,0
12110,0
12111,0
12112,0
12113,0
12114,1
12115,1
12116,0
12117,1
12118,1
12119,1
12120,0
12121,0
12122,0
12123,0
12124,1
12125,1
12126,0
12127,1
12128,1
12129,1
12130,0
12131,0
12132,0
12133,0
12134,1
12135,0
12136,1
12137,1
12138,1
12139,0
12140,1
12141,1
12142,1
12143,0
12144,0
12145,1
12146,0
12147,1
12148,1
12149,0
12150,1
12151,1
12152,0
12153,1
12154,1
12155,1
12156,0
12157,1
12158,0
12159,0
12160,0
12161,1
12162,1
12163,0
12164,0
12165,1
12166,1
12167,1
12168,1
12169,0
12170,0
12171,1
12172,1
12173,0
12174,1
12175,0
12176,1
12177,0
12178,0
12179,1
12180,0
12181,1
12182,0
12183,0
12184,0
12185,1
12186,0
12187,0
12188,0
12189,1
12190,0
12191,0
12192,1
12193,1
12194,1
12195,0
12196,1
12197,0
12198,1
12199,1
12200,1
12201,0
12202,1
12203,0
12204,1
12205,1
12206,0
12207,0
12208,0
12209,1
12210,1
12211,1
12212,0
12213,0
12214,0
12215,0
12216,1
12217,0
12218,0
12219,0
12220,1
12221,1
12222,0
12223,0
12224,1
12225,1
12226,0
12227,1
12228,0
12229,1
12230,0
12231,1
12232,0
12233,0
12234,1
12235,0
12236,1
12237,1
12238,1
12239,0
12240,1
12241,0
12242,1
12243,1
12244,1
12245,0
12246,1
12247,0
12248,0
12249,0
12250,1
12251,0
12252,0
12253,1
12254,0
12255,1
12256,0
12257,0
12258,1
12259,0
12260,1
12261,0
12262,0
12263,1
12264,0
12265,1
12266,0
12267,0
12268,0
12269,1
12270,0
12271,0
12272,0
12273,1
12274,1
12275,0
12276,0
12277,0
12278,0
12279,1
12280,1
12281,0
12282,1
12283,1
12284,0
12285,0
12286,0
12287,1
12288,1
12289,1
12290,1
12291,0
12292,1
12293,0
12294,1
12295,0
12296,1
12297,0
12298,1
12299,1
12300,0
12301,1
12302,1
12303,0
12304,0
12305,1
12306,0
12307,0
12308,0
12309,0
12310,0
12311,0
12312,1
12313,0
12314,0
12315,1
12316,0
12317,0
12318,0
12319,1
12320,0
12321,0
12322,1
12323,0
12324,0
12325,1
12326,0
12327,1
12328,1
12329,0
12330,1
12331,1
12332,0
12333,0
12334,1
12335,0
12336,0
12337,0
12338,1
12339,0
12340,0
12341,1
12342,1
12343,0
12344,0
12345,0
12346,0
12347,0
12348,0
12349,1
12350,0
12351,0
12352,0
12353,0
12354,0
12355,0
12356,1
12357,0
12358,1
12359,1
12360,0
12361,0
12362,1
12363,1
12364,0
12365,0
12366,1
12367,0
12368,0
12369,0
12370,0
12371,0
12372,0
12373,1
12374,1
12375,0
12376,0
12377,1
12378,1
12379,1
12380,1
12381,1
12382,1
12383,1
12384,1
12385,1
12386,0
12387,0
12388,1
12389,1
12390,1
12391,0
12392,1
12393,1
12394,0
12395,1
12396,0
12397,0
12398,0
12399,0
12400,0
12401,0
12402,1
12403,1
12404,0
12405,0
12406,0
12407,1
12408,1
12409,1
12410,0
12411,0
12412,0
12413,0
12414,0
12415,0
12416,0
12417,0
12418,1
12419,0
12420,1
12421,0
12422,0
12423,1
12424,0
12425,1
12426,0
12427,0
12428,1
12429,1
12430,0
12431,0
12432,0
12433,0
12434,0
12435,0
12436,0
12437,0
12438,1
12439,1
12440,1
12441,0
12442,1
12443,0
12444,0
12445,0
12446,1
12447,0
12448,1
12449,1
12450,0
12451,0
12452,0
12453,1
12454,1
12455,0
12456,1
12457,1
12458,0
12459,0
12460,1
12461,1
12462,1
12463,1
12464,0
12465,0
12466,0
12467,1
12468,1
12469,0
12470,0
12471,0
12472,0
12473,1
12474,0
12475,0
12476,0
12477,0
12478,0
12479,0
12480,0
12481,1
12482,0
12483,1
12484,0
12485,0
12486,1
12487,1
12488,1
12489,1
12490,1
12491,0
12492,0
12493,0
12494,0
12495,0
12496,0
12497,0
12498,1
12499,1
12500,0
12501,0
12502,0
12503,0
12504,0
12505,0
12506,0
12507,0
12508,1
12509,1
12510,0
12511,0
12512,0
12513,0
12514,1
12515,1
12516,0
12517,1
12518,1
12519,0
12520,0
12521,0
12522,0
12523,1
12524,1
12525,1
12526,1
12527,1
12528,0
12529,1
12530,0
12531,0
12532,1
12533,1
12534,0
12535,1
12536,1
12537,1
12538,0
12539,1
12540,1
12541,1
12542,1
12543,0
12544,0
12545,0
12546,0
12547,0
12548,1
12549,0
12550,1
12551,0
12552,1
12553,1
12554,1
12555,0
12556,0
12557,1
12558,0
12559,1
12560,0
12561,0
12562,1
12563,0
12564,0
12565,0
12566,1
12567,1
12568,1
12569,1
12570,1
12571,0
12572,1
12573,0
12574,0
12575,1
12576,1
12577,0
12578,0
12579,0
12580,0
12581,1
12582,0
12583,0
12584,1
12585,1
12586,0
12587,0
12588,1
12589,1
12590,1
12591,1
12592,1
12593,1
12594,0
12595,0
12596,0
12597,0
12598,0
12599,1
12600,1
12601,0
12602,0
12603,1
12604,0
12605,0
12606,1
12607,0
12608,1
12609,0
12610,1
12611,1
12612,1
12613,0
12614,0
12615,1
12616,0
12617,1
12618,1
12619,1
12620,0
12621,0
12622,1
12623,0
12624,0
12625,0
12626,1
12627,0
12628,1
12629,1
12630,0
12631,1
12632,0
12633,0
12634,0
12635,0
12636,1
12637,0
12638,0
12639,0
12640,0
12641,0
12642,0
12643,0
12644,0
12645,1
12646,1
12647,1
12648,1
12649,0
12650,1
12651,0
12652,1
12653,0
12654,1
12655,0
12656,0
12657,0
12658,0
12659,0
12660,0
12661,0
12662,1
12663,1
12664,1
12665,1
12666,0
12667,0
12668,0
12669,1
12670,1
12671,0
12672,0
12673,0
12674,0
12675,0
12676,0
12677,0
12678,0
12679,1
12680,0
12681,1
12682,1
12683,1
12684,0
12685,1
12686,0
12687,1
12688,0
12689,0
12690,1
12691,0
12692,0
12693,1
12694,0
12695,0
12696,0
12697,1
12698,0
12699,0
12700,0
12701,0
12702,1
12703,1
12704,1
12705,0
12706,0
12707,0
12708,0
12709,1
12710,1
12711,0
12712,0
12713,0
12714,0
12715,0
12716,1
12717,0
12718,1
12719,1
12720,1
12721,0
12722,0
12723,0
12724,1
12725,1
12726,1
12727,1
12728,0
12729,1
12730,1
12731,1
12732,1
12733,1
12734,0
12735,0
12736,0
12737,0
12738,0
12739,0
12740,0
12741,0
12742,0
12743,1
12744,1
12745,0
12746,1
12747,0
12748,0
12749,0
12750,0
12751,1
12752,1
12753,1
12754,1
12755,0
12756,0
12757,0
12758,0
12759,0
12760,1
12761,1
12762,0
12763,1
12764,1
12765,1
12766,0
12767,1
12768,0
12769,1
12770,0
12771,1
